date,long_short_ratio
2020-09-01,1.3455790540972223
2020-09-02,1.6354989260069446
2020-09-03,1.8281566409027776
2020-09-04,1.5352767226388888
2020-09-05,1.3892602452430554
2020-09-06,1.5854869839236112
2020-09-07,1.4669339917013888
2020-09-08,1.7037322808333333
2020-09-09,1.5028118988194443
2020-09-10,1.3735099253124998
2020-09-11,1.407116346076389
2020-09-12,1.354265027326389
2020-09-13,1.3298223274305556
2020-09-14,1.2597854446875
2020-09-15,1.1323162613541666
2020-09-16,1.099202425
2020-09-17,1.1102269731944443
2020-09-18,1.1306325441319443
2020-09-19,1.1293918377430556
2020-09-20,1.1067286341666667
2020-09-21,1.0661990685416667
2020-09-22,1.1022682317013888
2020-09-23,1.0130117133680556
2020-09-24,1.0021990483680556
2020-09-25,0.9958833922916666
2020-09-26,1.0618844265277778
2020-09-27,1.0158981660915491
2020-09-28,1.0950463230555556
2020-09-29,1.0861526897569445
2020-09-30,1.0923933151041667
2020-10-01,1.1175404109375
2020-10-02,1.2003174713541667
2020-10-03,1.1779797504861111
2020-10-04,1.1520229303125
2020-10-05,1.0549753260763888
2020-10-06,0.9406368308680556
2020-10-07,1.0214322283680555
2020-10-08,1.0272959615625001
2020-10-09,1.1245791080208332
2020-10-10,1.3178503378125
2020-10-11,1.3670299375694444
2020-10-12,1.3548585781597222
2020-10-13,1.356213296423611
2020-10-14,1.3596935384027777
2020-10-15,1.2998444974999999
2020-10-16,1.373693021701389
2020-10-17,1.3857199797569446
2020-10-18,1.3381174228472221
2020-10-19,1.2204895256944444
2020-10-20,1.1017123022916666
2020-10-21,1.1227019525347222
2020-10-22,1.4581066326978418
2020-10-23,1.3784517346180556
2020-10-24,1.2960682269444446
2020-10-25,1.4023609392708334
2020-10-26,1.3325147536805555
2020-10-27,1.1980181838888888
2020-10-28,1.3124000627777777
2020-10-29,1.3095583325347222
2020-10-30,1.1707160185069445
2020-10-31,1.1159695353819443
2020-11-01,1.1531462459027777
2020-11-02,1.2261793021875
2020-11-03,1.1486823039583334
2020-11-04,1.1012573019444445
2020-11-05,1.1044800016319445
2020-11-06,1.4919436405555555
2020-11-07,1.5048276674999999
2020-11-08,1.4266503082638888
2020-11-09,1.485800329375
2020-11-10,1.632936103125
2020-11-11,1.5684983828819443
2020-11-12,1.4643844969791666
2020-11-13,1.4555305263194445
2020-11-14,1.5266326367708334
2020-11-15,1.4871953211913356
2020-11-16,1.363305738576389
2020-11-17,1.2882272361458333
2020-11-18,1.6110766485069443
2020-11-19,1.668879050486111
2020-11-20,1.7073402435069445
2020-11-21,1.7877308674642858
2020-11-22,1.7690123561805555
2020-11-23,1.784997803159722
2020-11-24,1.7988852116319443
2020-11-25,2.043581742326389
2020-11-26,1.8360766293055555
2020-11-27,1.6773555920486112
2020-11-28,1.6517942949305555
2020-11-29,1.462392137673611
2020-11-30,1.3365796843402777
2020-12-01,1.4600748374305554
2020-12-02,1.6078592241666667
2020-12-03,1.6216761002430555
2020-12-04,1.5250103899652778
2020-12-05,1.3810906395833333
2020-12-06,1.197819276215278
2020-12-07,1.4389855641666667
2020-12-08,1.4721356250694444
2020-12-09,1.3066296035416667
2020-12-10,1.3204199788888888
2020-12-11,1.3378819997222222
2020-12-12,1.2208444577083333
2020-12-13,1.1449765557291667
2020-12-14,1.1358348173263888
2020-12-15,1.0718358827083334
2020-12-16,1.0068017023263889
2020-12-17,1.4405033146180555
2020-12-18,1.5404827882291667
2020-12-19,1.596001907361111
2020-12-20,1.6126285834722223
2020-12-21,1.4555761236458333
2020-12-22,1.4080960851041668
2020-12-23,1.371015666736111
2020-12-24,1.4020809098263889
2020-12-25,1.4532053772222222
2020-12-26,1.343801440138889
2020-12-27,1.7043008435416667
2020-12-28,1.8486496018055556
2020-12-29,1.9074884710069446
2020-12-30,1.7775296116319443
2020-12-31,1.704863001423611
2021-01-01,1.605721776597222
2021-01-02,1.3696385031597222
2021-01-03,1.7934304321875
2021-01-04,1.9415376517013891
2021-01-05,1.970656526979167
2021-01-06,2.0914713686458333
2021-01-07,2.0287885974305557
2021-01-08,2.2002483101736114
2021-01-09,2.658712308541667
2021-01-10,2.6565750976388887
2021-01-11,2.349267244236111
2021-01-12,2.0944650520486108
2021-01-13,2.089734138854167
2021-01-14,2.138067140902778
2021-01-15,1.952380273611111
2021-01-16,2.232228121597222
2021-01-17,2.0494739877430557
2021-01-18,2.4128967065625
2021-01-19,2.515155188125
2021-01-20,2.3023287823247234
2021-01-21,2.21957853
2021-01-22,2.0290894018055554
2021-01-23,1.9076398420486111
2021-01-24,1.8318154292013888
2021-01-25,1.8114874633680556
2021-01-26,1.9059632846527776
2021-01-27,1.8321977653125
2021-01-28,1.7520486352777778
2021-01-29,1.9291183866319446
2021-01-30,2.6074749893402775
2021-01-31,2.6048968391319445
2021-02-01,2.436829846423611
2021-02-02,2.4973425332986112
2021-02-03,2.121002696423611
2021-02-04,1.837804541076389
2021-02-05,1.9397371827240144
2021-02-06,1.9931816685069446
2021-02-07,2.2641717274216027
2021-02-08,2.2015982141319443
2021-02-09,2.194576910763889
2021-02-10,2.4366624406620208
2021-02-11,2.681158507536232
2021-02-12,2.773349325243055
2021-02-13,2.686260878611111
2021-02-14,2.5450616254861114
2021-02-15,2.199409221508772
2021-02-16,2.2042588653310102
2021-02-17,1.8547564758680555
2021-02-18,2.0445128962369337
2021-02-19,2.0611935346330275
2021-02-20,2.187907528272059
2021-02-21,2.213079933784722
2021-02-22,2.385203856736111
2021-02-23,2.1324917021180556
2021-02-24,2.092575793379791
2021-02-25,2.257526678819444
2021-02-26,2.2862934346875
2021-02-27,2.0983881906944446
2021-02-28,1.8942736762020906
2021-03-01,1.9770724929861112
2021-03-02,2.0314093991319444
2021-03-03,2.011011021076389
2021-03-04,2.507820139826389
2021-03-05,2.3391436478745646
2021-03-06,2.260378856111111
2021-03-07,1.9273758997569443
2021-03-08,2.134504765486111
2021-03-09,1.956417318923611
2021-03-10,2.0484175298954703
2021-03-11,2.0657654484375
2021-03-12,2.072384222543554
2021-03-13,2.067308128368056
2021-03-14,2.1678120030526316
2021-03-15,2.8870837737152777
2021-03-16,3.0252947864583337
2021-03-17,3.118481628715278
2021-03-18,2.6725934803472224
2021-03-19,2.800857531597222
2021-03-20,2.678088095833333
2021-03-21,3.0696048828819444
2021-03-22,3.210276664236111
2021-03-23,3.124305200173611
2021-03-24,2.8170195970731706
2021-03-25,2.9487884009027776
2021-03-26,2.666137881770833
2021-03-27,2.095021824340278
2021-03-28,2.0715861468055556
2021-03-29,2.0240678657291666
2021-03-30,2.2176544674305556
2021-03-31,2.275497513715278
2021-04-01,2.342938629097222
2021-04-02,2.4275854766319447
2021-04-03,2.4354756794791665
2021-04-04,2.5052114033333335
2021-04-05,2.6674499553819446
2021-04-06,2.8536354598263887
2021-04-07,3.0727769580208335
2021-04-08,2.9279247639583335
2021-04-09,2.4908291752083334
2021-04-10,2.4495342560069444
2021-04-11,2.9622631896180556
2021-04-12,3.009395393125
2021-04-13,2.375078270486111
2021-04-14,2.6246394337499996
2021-04-15,3.063100099826389
2021-04-16,3.684281206145833
2021-04-17,3.9299161333333337
2021-04-18,3.06636078912892
2021-04-19,2.6609931052797204
2021-04-20,2.5141162875347223
2021-04-21,2.739282613576389
2021-04-22,2.3505045123958332
2021-04-23,2.0835869709375
2021-04-24,1.8011222921874999
2021-04-25,1.7846657303819444
2021-04-26,1.6583789863194445
2021-04-27,1.694474485
2021-04-28,1.8095134733680556
2021-04-29,2.195884988993056
2021-04-30,2.1101912565624996
2021-05-01,2.1443138855902775
2021-05-02,2.4193319243749998
2021-05-03,2.720757504340278
2021-05-04,2.8321643542361112
2021-05-05,2.508078743229167
2021-05-06,2.7957916791319444
2021-05-07,2.9068098917013887
2021-05-08,2.4776887609722222
2021-05-09,2.73863147875
2021-05-10,3.030198142951389
2021-05-11,2.6995809044444443
2021-05-12,2.6137624526041665
2021-05-13,2.9477742806944445
2021-05-14,3.0784919833680555
2021-05-15,2.9496448803472224
2021-05-16,2.7499919719444446
2021-05-17,2.943267103472222
2021-05-18,3.063798177951389
2021-05-19,2.321395680070175
2021-05-20,1.48190030625
2021-05-21,1.339242499417808
2021-05-22,1.3421158189928057
2021-05-23,1.427445185669014
2021-05-24,1.4554342147222221
2021-05-25,1.4992069743055554
2021-05-26,1.8180289879861111
2021-05-27,1.6696149981944446
2021-05-28,1.5945641058536584
2021-05-29,1.7101748932291665
2021-05-30,1.548674107638889
2021-05-31,1.4546567110069446
2021-06-01,1.7812319334375002
2021-06-02,1.4596994674652777
2021-06-03,1.4985099359375
2021-06-04,1.665598033888889
2021-06-05,1.6089297724305556
2021-06-06,1.4722646181597223
2021-06-07,1.6838576840277777
2021-06-08,1.4208890800694443
2021-06-09,1.0280215847222223
2021-06-10,0.9048673144791667
2021-06-11,0.9525795996180556
2021-06-12,1.105008420173611
2021-06-13,1.0216551024305556
2021-06-14,0.9950652472569446
2021-06-15,1.069498607986111
2021-06-16,1.2759601116666668
2021-06-17,1.7799312983680555
2021-06-18,1.942869453125
2021-06-19,1.7090849874305556
2021-06-20,1.860065852638889
2021-06-21,1.950581798125
2021-06-22,1.775559700873016
2021-06-23,1.5117507350545454
2021-06-24,1.4297579824731184
2021-06-25,1.4048592355555556
2021-06-26,1.6413962838541667
2021-06-27,1.254099587326389
2021-06-28,1.0849138068402777
2021-06-29,1.1323778672916667
2021-06-30,1.2285706405208332
2021-07-01,1.3754862533333334
2021-07-02,1.3551642683333334
2021-07-03,1.37558614875
2021-07-04,1.3742506957291667
2021-07-05,1.4315285512152778
2021-07-06,1.5583721563194444
2021-07-07,1.3421658644791665
2021-07-08,1.8381097772222224
2021-07-09,1.4969604628125
2021-07-10,1.1776410593055555
2021-07-11,1.075892187986111
2021-07-12,1.3494240002430555
2021-07-13,2.0183924194791665
2021-07-14,2.112738374375
2021-07-15,2.315564453645833
2021-07-16,2.1265795359375
2021-07-17,1.9497980328819446
2021-07-18,2.0127492521875
2021-07-19,2.072088620972222
2021-07-20,1.6216638458680555
2021-07-21,1.421646087013889
2021-07-22,1.3021484958333334
2021-07-23,1.1828300646180556
2021-07-24,1.0976854560069444
2021-07-25,0.9832904377777777
2021-07-26,1.4303969258333333
2021-07-27,1.368241375763889
2021-07-28,0.9996785172222222
2021-07-29,0.9720199511805555
2021-07-30,1.049829339236111
2021-07-31,0.9190476720486112
2021-08-01,1.0975031800694444
2021-08-02,1.4097371422916667
2021-08-03,1.5952929948958332
2021-08-04,1.788672307465278
2021-08-05,1.5166177291319445
2021-08-06,1.0013071572569445
2021-08-07,0.9801051595486112
2021-08-08,0.9113681441666667
2021-08-09,0.9263147364236111
2021-08-10,1.1292585503819443
2021-08-11,1.1446713807638889
2021-08-12,1.251074522152778
2021-08-13,1.1563409604861112
2021-08-14,1.2573410925347224
2021-08-15,1.527828195173611
2021-08-16,1.5584720196180557
2021-08-17,1.7937827998263889
2021-08-18,1.8117720405555555
2021-08-19,1.7744972797916665
2021-08-20,1.1716316164583334
2021-08-21,1.016236004861111
2021-08-22,1.0867493042361112
2021-08-23,1.0491216547916666
2021-08-24,1.418022265574913
2021-08-25,1.8198976941666665
2021-08-26,1.902449740138889
2021-08-27,1.6368956130208334
2021-08-28,1.2907828080208334
2021-08-29,1.4503789795833333
2021-08-30,1.6979327431597222
2021-08-31,1.9683701045833333
2021-09-01,1.858690520138889
2021-09-02,1.1963099284374998
2021-09-03,1.2715262064583335
2021-09-04,1.3815071757986113
2021-09-05,1.2944128843402778
2021-09-06,1.0027626270383276
2021-09-07,1.4597620574647887
2021-09-08,1.7864360810416666
2021-09-09,1.8554437267708335
2021-09-10,2.011051576958042
2021-09-11,1.8894749588888888
2021-09-12,1.921383536284722
2021-09-13,2.360945117132867
2021-09-14,1.594241347638889
2021-09-15,1.1732286100347222
2021-09-16,1.2359289991319444
2021-09-17,1.4897237718402776
2021-09-18,1.3472119110069445
2021-09-19,1.6584891318815331
2021-09-20,1.9437307302846976
2021-09-21,1.7560398414487632
2021-09-22,1.567077327944251
2021-09-23,1.316029765173611
2021-09-24,1.3796977171578948
2021-09-25,1.3918317348083624
2021-09-26,1.316926426056338
2021-09-27,1.2464927290625
2021-09-28,1.64615611625
2021-09-29,1.7178547427430555
2021-09-30,1.2144549473611113
2021-10-01,0.8828990963414635
2021-10-02,0.8683529983275262
2021-10-03,0.8972708272569445
2021-10-04,0.9706288004166667
2021-10-05,0.7847076465972223
2021-10-06,0.8204237566319444
2021-10-07,1.0010948084027778
2021-10-08,1.233416620763889
2021-10-09,1.2567871288541665
2021-10-10,1.149666103611111
2021-10-11,1.0000354687847224
2021-10-12,1.0837059703472223
2021-10-13,1.2213353851388888
2021-10-14,1.0604422118402779
2021-10-15,0.9294811238541667
2021-10-16,1.1663867360069444
2021-10-17,1.395836992020906
2021-10-18,1.3813211926388889
2021-10-19,1.2498507812847222
2021-10-20,1.0309605375
2021-10-21,1.62911836728223
2021-10-22,2.0718672212891986
2021-10-23,2.180553531736111
2021-10-24,2.3761796556944446
2021-10-25,2.145131384513889
2021-10-26,2.221967822847222
2021-10-27,2.7799707134285714
2021-10-28,2.6384420120279723
2021-10-29,2.5072753005555555
2021-10-30,2.6229036871024736
2021-10-31,3.065852766818182
2021-11-01,2.9933729492708334
2021-11-02,2.5609340306250004
2021-11-03,2.6214751627777777
2021-11-04,3.175691228715278
2021-11-05,3.4604950888541666
2021-11-06,3.5243227844097222
2021-11-07,2.939759874895833
2021-11-08,1.943684329652778
2021-11-09,1.8875894405208333
2021-11-10,2.043000946491228
2021-11-11,2.6969959595833335
2021-11-12,3.0755930292361113
2021-11-13,3.34971727
2021-11-14,3.4334535179166665
2021-11-15,3.1462488859375
2021-11-16,4.110475400711744
2021-11-17,4.123630815555555
2021-11-18,4.302215359823322
2021-11-19,4.0163528013588845
2021-11-20,3.686339446284722
2021-11-21,3.5682362638194443
2021-11-22,3.633461773066202
2021-11-23,4.451238830659722
2021-11-24,4.3778774628125
2021-11-25,3.76590527458042
2021-11-26,4.684030562536232
2021-11-27,5.376954105400697
2021-11-28,4.919295982167832
2021-11-29,3.4585658750694446
2021-11-30,3.6300475545422537
2021-12-01,3.890835262162096
2021-12-02,4.489260178089953
2021-12-03,4.796121188602499
2021-12-04,3.4580701382887407
2021-12-05,2.328381726955074
2021-12-06,1.8493178458357282
2021-12-07,1.6747281340857103
2021-12-08,1.7934736515520169
2021-12-09,2.0631004408590132
2021-12-10,2.2902395003362193
2021-12-11,1.9815729746929922
2021-12-12,1.5755712996950821
2021-12-13,2.0204516575928597
2021-12-14,2.3653297418105836
2021-12-15,1.931169928163054
2021-12-16,1.9099385716717512
2021-12-17,2.7465550878806173
2021-12-18,3.0286980886452164
2021-12-19,2.5189886581876317
2021-12-20,2.9196729140664686
2021-12-21,1.5778922552270687
2021-12-22,1.5152752448541311
2021-12-23,1.7650459180009639
2021-12-24,1.5761054557138026
2021-12-25,1.8172126288698867
2021-12-26,2.2568168129784882
2021-12-27,1.980803199569033
2021-12-28,2.6348346052311946
2021-12-29,3.048021093187466
2021-12-30,3.179606498596331
2022-01-19,2.449215207926391
2022-01-20,2.3776873682394832
2022-01-21,3.3689015411922
2022-01-22,2.075737429064622
2022-01-23,1.8771584025539885
2022-01-24,1.731629047220355
2022-01-25,1.2237791634874724
2022-01-26,1.10721583622818
2022-01-27,1.2389846805342697
2022-01-28,1.210718832496252
2022-01-29,0.9911703911223315
2022-01-30,0.9743599140972221
2022-01-31,0.9508098821446149
2022-02-01,0.7868657802615009
2022-02-02,1.0389286415806358
2022-02-03,1.2487949362969792
2022-02-04,0.896148563036828
2022-02-05,0.7762576464659963
2022-02-06,0.7648903186498993
2022-02-07,0.8476603689184053
2022-02-08,1.0417762205417143
2022-02-09,1.182210117744373
2022-02-10,1.105691500562411
2022-02-11,1.5050089057908371
2022-02-12,1.5634877556034257
2022-02-13,1.6562892774063687
2022-02-14,1.5654720870277836
2022-02-15,1.2087426323211776
2022-02-16,1.3363513588416567
2022-02-17,1.7950522118655625
2022-02-18,2.0234257060643617
2022-02-19,1.9559572322244259
2022-02-20,1.9409555456632102
2022-02-21,1.9434977944491179
2022-02-22,1.6812315097453894
2022-02-23,1.4266313265516162
2022-02-24,1.3318049616769843
2022-02-25,1.1366831848363985
2022-02-26,1.1369554003343745
2022-02-27,1.1571446220017674
2022-02-28,1.20135120030186
2022-03-01,0.9749380786306168
2022-03-02,0.9294154712657559
2022-03-03,1.1375765116655048
2022-03-04,1.694042189009485
2022-03-05,2.0142992331101857
2022-03-06,2.0451807484461195
2022-03-07,2.0502522207829164
2022-03-08,1.8372757444058534
2022-03-09,1.4072726806801426
2022-03-10,1.6864846493347283
2022-03-11,2.036729941417517
2022-03-12,2.16595694176818
2022-03-13,2.2519029089456906
2022-03-14,2.045970061508534
2022-03-15,1.8766991979810608
2022-03-16,1.4443172001383022
2022-03-17,1.2778473503105376
2022-03-18,1.3611107933272608
2022-03-19,1.1176928479487094
2022-03-20,1.1201092086101916
2022-03-21,1.5339575136502632
2022-03-22,1.2348971277492498
2022-03-23,1.497328922319494
2022-03-24,0.9967957212023025
2022-03-25,0.7576200396349393
2022-03-26,0.7844813866241379
2022-03-27,0.7802180147670673
2022-03-28,0.9572085121062709
2022-03-29,0.9706329737333897
2022-03-30,1.067673821185941
2022-03-31,1.330525182813423
2022-04-01,1.8207410817052687
2022-04-02,1.8267083411854215
2022-04-03,1.7346754317140474
2022-04-04,1.9400665845528653
2022-04-05,1.8000986377555037
2022-04-06,2.346155571400911
2022-04-07,2.4100331677672746
2022-04-08,2.44884222637249
2022-04-09,2.6168680409899823
2022-04-10,2.521565021986591
2022-04-11,2.6330475755419527
2022-04-12,2.7566690082618748
2022-04-13,2.5972875680437832
2022-04-14,2.394838670733075
2022-04-15,2.766762614679833
2022-04-16,2.498812654692319
2022-04-17,2.6099174250384736
2022-04-18,2.538603222682857
2022-04-19,2.127955237474433
2022-04-20,1.99766767437761
2022-04-21,1.8186211784519206
2022-04-22,2.8461392669455305
2022-04-23,3.178119468789874
2022-04-24,3.0726300254756524
2022-04-25,2.8984407494466535
2022-04-26,2.501738246283488
2022-04-27,3.0155830001983035
2022-04-28,2.0281100081172903
2022-04-29,2.20921419066119
2022-04-30,2.805757540506217
2022-05-01,3.1076278381163194
2022-05-02,2.4329374774902672
2022-05-03,2.7254414181116315
2022-05-04,2.4415290562774263
2022-05-05,2.412730098395082
2022-05-06,3.425107276091081
2022-05-07,3.2904730511815763
2022-05-08,3.193298867932916
2022-05-09,2.510134661479865
2022-05-10,2.5417037973270187
2022-05-11,2.5528244788172834
2022-05-12,1.771167551712405
2022-05-13,1.4940545538005894
2022-05-14,1.6071399796128192
2022-05-15,1.5800244684812113
2022-05-16,1.5842340996688489
2022-05-17,1.444084165431583
2022-05-18,1.7793187464281297
2022-05-19,1.5874750576394825
2022-05-20,1.5142422460787888
2022-05-21,2.0491879548076275
2022-05-22,1.4987849041483365
2022-05-23,1.2801170844451288
2022-05-24,2.4257927912246933
2022-05-25,1.819556376454016
2022-05-26,1.8441813627731145
2022-05-27,2.0136340018689283
2022-05-28,1.9147761034803545
2022-05-29,1.5792453126296957
2022-05-30,1.1613377815697095
2022-05-31,1.216856242817194
2022-06-01,1.3895654363312677
2022-06-02,1.7927240073979118
2022-06-03,1.763114549553311
2022-06-04,2.11656566886908
2022-06-05,1.9160132067701687
2022-06-06,1.1313006151247982
2022-06-07,1.870902872945273
2022-06-08,1.395096906375299
2022-06-09,1.8333658299145488
2022-06-10,2.293284163853457
2022-06-11,2.6416684055153796
2022-06-12,2.3068572665291724
2022-06-13,1.849477634838049
2022-06-14,1.5038070918341708
2022-06-15,1.7020318481848122
2022-06-16,1.7306142481588136
2022-06-17,2.3649741362753467
2022-06-18,2.099282756390145
2022-06-19,1.3037968757625706
2022-06-20,1.065752412421439
2022-06-21,0.9848054733957365
2022-06-22,1.2130096026079513
2022-06-23,1.1095492158903963
2022-06-24,0.9931733592279295
2022-06-25,0.9440817224320907
2022-06-26,0.9525853598757092
2022-06-27,1.1638930543463937
2022-06-28,1.245207586428164
2022-06-29,1.659229847113866
2022-06-30,1.5529344205905857
2022-07-01,1.5473770054333713
2022-07-02,1.6661008453548887
2022-07-03,1.7240991876621028
2022-07-04,1.4402656159323046
2022-07-05,1.1983082753346816
2022-07-06,1.0521573893230733
2022-07-07,0.7953723515509245
2022-07-08,0.7854215182240583
2022-07-09,0.9061017542341481
2022-07-10,1.0859256579705436
2022-07-11,1.365707200227134
2022-07-12,1.551252724142694
2022-07-13,1.4536598879618128
2022-07-14,1.161225049586361
2022-07-15,0.9363256123024072
2022-07-16,0.8671360487552201
2022-07-17,0.818679390186659
2022-07-18,0.758860370619812
2022-07-19,0.850736619248061
2022-07-20,0.7322575566991758
2022-07-21,0.9190767949346501
2022-07-22,0.9791410677565597
2022-07-23,1.1747441976785595
2022-07-24,1.0906234384125666
2022-07-25,1.4660905671202291
2022-07-26,1.5548498635782275
2022-07-27,1.2190301283595542
2022-07-28,0.8210639730230362
2022-07-29,0.73056875214913
2022-07-30,0.7014964916585401
2022-07-31,0.8643108514397774
2022-08-01,0.9645769516605216
2022-08-02,1.1566849272993824
2022-08-03,1.1244931636166828
2022-08-04,1.5378771445970714
2022-08-05,1.3168101482394095
2022-08-06,1.2433701922451657
2022-08-07,1.4398290053023441
2022-08-08,1.0156165325773823
2022-08-09,1.6053592851671477
2022-08-10,1.6185472666845404
2022-08-11,0.9327152090148344
2022-08-12,1.308559197577315
2022-08-13,0.9222269149413387
2022-08-14,1.0088456746321812
2022-08-15,1.3996744915721129
2022-08-16,1.7471033172390684
2022-08-17,2.0310195810284046
2022-08-18,2.085997239215783
2022-08-19,1.9826304815669873
2022-08-20,2.1545960087826
2022-08-21,2.084964859639518
2022-08-22,2.0337282902615423
2022-08-23,1.769882760805668
2022-08-24,1.5791762091242663
2022-08-25,1.5421454414690214
2022-08-26,1.860026799465471
2022-08-27,2.0117549596342617
2022-08-28,2.1714264498675164
2022-08-29,1.9130448774799715
2022-08-30,2.024180103921698
2022-08-31,1.7765722129282977
2022-09-01,2.2166492802869224
2022-09-02,2.0106444896568165
2022-09-03,2.62675652510312
2022-09-04,2.842309995794036
2022-09-05,2.7658253578463814
2022-09-06,2.766638537717776
2022-09-07,2.745132835562237
2022-09-08,1.8369531232722092
2022-09-09,1.0898783549245217
2022-09-10,0.7590225120179546
2022-09-11,0.714260827240944
2022-09-12,0.7298192783417491
2022-09-13,0.981352318013212
2022-09-14,1.9656357204718293
2022-09-15,2.3442750741892233
2022-09-16,2.5531680056678296
2022-09-17,2.270398334520811
2022-09-18,2.3670388856851208
2022-09-19,2.5851802321180557
2022-09-20,2.0389585467708335
2022-09-21,2.2242954283680554
2022-09-22,2.308155105463985
2022-09-23,2.1381996213592775
2022-09-24,1.9978179132544591
2022-09-25,2.1478665062178957
2022-09-26,2.042253250039701
2022-09-27,1.4417242390074483
2022-09-28,2.249636477206051
2022-09-29,1.4351739835121786
2022-09-30,1.3091606775825397
2022-10-01,1.9082207436219276
2022-10-02,2.2053650122210167
2022-10-03,2.0886649160640682
2022-10-04,0.9802319025800558
2022-10-05,0.8066189675064533
2022-10-06,0.9396689084298941
2022-10-07,1.628592309129571
2022-10-08,2.16118844272408
2022-10-09,2.257567669471781
2022-10-10,2.676489160944611
2022-10-11,3.0464683528142533
2022-10-12,2.7914348704640624
2022-10-13,2.652652208581576
2022-10-14,1.620640810706257
2022-10-15,2.0943585136594707
2022-10-16,2.3223681901711033
2022-10-17,1.8845533559554428
2022-10-18,1.4929047249346867
2022-10-19,2.15253124928941
2022-10-20,2.4827489876780264
2022-10-21,2.7748807643947275
2022-10-22,2.030799368875267
2022-10-23,1.7667691612353604
2022-10-24,1.6985933499173835
2022-10-25,1.5119047137872572
2022-10-26,0.7845317781126279
2022-10-27,0.815911534304526
2022-10-28,1.031416068983495
2022-10-29,0.8271139048518349
2022-10-30,0.7746112558068445
2022-10-31,1.0067938176347053
2022-11-01,1.1223734287221885
2022-11-02,1.2109913157017504
2022-11-03,1.6000962780740975
2022-11-04,1.1708547829592524
2022-11-05,0.748442083319448
2022-11-06,0.8244872335777459
2022-11-07,1.3003202815583363
2022-11-08,2.328966714576402
2022-11-09,2.981706083868181
2022-11-10,2.353795525950504
2022-11-11,2.1218919986806473
2022-11-12,2.039360456215947
2022-11-13,2.1738619001397432
2022-11-14,2.23493972270307
2022-11-15,1.8302669944893728
2022-11-16,1.8608030381203227
2022-11-17,2.020032997879975
2022-11-18,1.8064557001142434
2022-11-19,1.9751648537941244
2022-11-20,2.005193871521723
2022-11-21,2.5311603187781575
2022-11-22,2.338827681477562
2022-11-23,1.5846201473020551
2022-11-24,1.42568099403531
2022-11-25,1.4189753829160738
2022-11-26,1.429743595780464
2022-11-27,1.4793519412482903
2022-11-28,1.875955942479438
2022-11-29,1.615879429232033
2022-11-30,1.3610922729587651
2022-12-01,1.119298095282599
2022-12-02,1.2663780428209257
2022-12-03,1.251718661532106
2022-12-04,1.2488011722708345
2022-12-05,1.205337917434445
2022-12-06,1.4507135079584943
2022-12-07,1.575963898015087
2022-12-08,1.3974541115532952
2022-12-09,0.9742422686591335
2022-12-10,1.0447130363256978
2022-12-11,1.0984870515840557
2022-12-12,1.3225585482681699
2022-12-13,0.9501776796729161
2022-12-14,0.8577293792569911
2022-12-15,1.029288011920738
2022-12-16,1.6248093421823548
2022-12-17,1.8593340984514946
2022-12-18,1.9384182950354802
2022-12-19,1.9372372899679635
2022-12-20,1.786658278303313
2022-12-21,1.596538619504019
2022-12-22,1.7411867544397122
2022-12-23,1.8116117509351963
2022-12-24,1.7224579301315377
2022-12-25,1.6952212394546464
2022-12-26,1.6967702853481255
2022-12-27,1.8373942118107434
2022-12-28,2.197511488509603
2022-12-29,2.276909326054908
2022-12-30,2.2627045501598793
2022-12-31,2.2059989061221663
2023-01-01,2.231994114067147
2023-01-02,2.0229759186553813
2023-01-03,1.9680690630508595
2023-01-04,1.6447128340428245
2023-01-05,1.5351944651452163
2023-01-06,1.5868875310834714
2023-01-07,1.3283403979347101
2023-01-08,1.336874534510909
2023-01-09,1.1718071435484105
2023-01-10,1.027495441260371
2023-01-11,0.8550402170506246
2023-01-12,0.8272164330567171
2023-01-13,0.7737121724449841
2023-01-14,0.9176888003891062
2023-01-15,0.8844836796295371
2023-01-16,0.8809944569546979
2023-01-17,0.7661041392971405
2023-01-18,0.7881031006020187
2023-01-19,0.819678608468201
2023-01-20,0.759685752986117
2023-01-21,0.8447540569032923
2023-01-22,0.971101169865564
2023-01-23,1.0103866268809314
2023-01-24,0.9921942976122605
2023-01-25,1.1315354706548442
2023-01-26,1.1937301224685084
2023-01-27,1.1746172758955489
2023-01-28,1.1706416683870366
2023-01-29,0.9419339051477917
2023-01-30,1.0355050621221293
2023-01-31,1.1820208611448617
2023-02-01,1.0606296394633925
2023-02-02,0.8925485855523569
2023-02-03,1.1511282993273706
2023-02-04,1.3753039532185525
2023-02-05,1.4591524847636126
2023-02-06,1.5203377597658496
2023-02-07,1.4684470990802831
2023-02-08,1.4045580178083508
2023-02-09,1.5299380076052502
2023-02-10,1.5972678587560523
2023-02-11,1.6348635892686392
2023-02-12,1.761673229403631
2023-02-13,1.7007070141759366
2023-02-14,1.5748993400794928
2023-02-15,1.219375929322665
2023-02-16,0.8590483589905815
2023-02-17,1.0373677076943464
2023-02-18,0.8910651972867593
2023-02-19,0.9396192229898624
2023-02-20,0.9781799864839427
2023-02-21,1.0942041838587242
2023-02-22,1.5482945429091564
2023-02-23,1.6231433539169795
2023-02-24,1.8717839724123975
2023-02-25,2.0886636570649757
2023-02-26,2.0103838492157693
2023-02-27,1.7764140194654092
2023-02-28,1.7266921801275497
2023-03-01,1.4819963305568686
2023-03-02,1.846147802921289
2023-03-03,2.2221409878570806
2023-03-04,2.084747760796763
2023-03-05,2.084170892361184
2023-03-06,2.0021703116937957
2023-03-07,1.98140519795967
2023-03-08,2.040109157428825
2023-03-09,2.2453291025131095
2023-03-10,1.938259285935076
2023-03-11,1.8679015884498256
2023-03-12,1.4841347411897972
2023-03-13,1.0854357832638888
2023-03-14,0.9206233945257432
2023-03-15,1.030862689634236
2023-03-16,1.0373429637554583
2023-03-17,0.8083224329907008
2023-03-18,0.7797787551930815
2023-03-19,0.7714834592021517
2023-03-20,0.7707995813651598
2023-03-21,0.7521133357635681
2023-03-22,0.7373033331335789
2023-03-23,0.7711060487178805
2023-03-24,0.7986755731744793
2023-03-25,0.9269337727514642
2023-03-26,0.8910219391968128
2023-03-27,0.9540519182919558
2023-03-28,1.0456348444836474
2023-03-29,0.7873142228408452
2023-03-30,0.7811639107403541
2023-03-31,0.8873695497602924
2023-04-01,0.7202391399493736
2023-04-02,0.8051173822511222
2023-04-03,0.9681866634983235
2023-04-04,0.9719596005476634
2023-04-05,0.865701148618767
2023-04-06,1.1375213178270516
2023-04-07,1.2043209096770322
2023-04-08,1.1834473892747055
2023-04-09,1.1892246442213468
2023-04-10,0.7884671720529637
2023-04-11,0.6154151015352607
2023-04-12,0.7194832562938599
2023-04-13,0.7285536439179082
2023-04-14,0.778820887961571
2023-04-15,0.8427736051730188
2023-04-16,0.9096185464393298
2023-04-17,1.1530725909489103
2023-04-18,1.1538491047108124
2023-04-19,1.332367272586526
2023-04-20,1.6968377276480786
2023-04-21,1.8138845753645876
2023-04-22,1.8888662924950046
2023-04-23,1.864520409218677
2023-04-24,1.8624555051369671
2023-04-25,1.7284960773177453
2023-04-26,1.2551392095956935
2023-04-27,1.2094485783162283
2023-04-28,1.0147757432821791
2023-04-29,1.0499743794943233
2023-04-30,1.0842089067542082
2023-05-01,1.457478243338035
2023-05-02,1.5740509293864267
2023-05-03,1.3344086373606179
2023-05-04,1.1247851222515828
2023-05-05,1.0246051360241137
2023-05-06,1.1325603115033263
2023-05-07,1.3147554128740622
2023-05-08,1.8639378541597484
2023-05-09,2.0751449157222415
2023-05-10,1.9966511498920536
2023-05-11,1.9708888666575162
2023-05-12,2.0438056522070185
2023-05-13,1.8814465044539435
2023-05-14,1.7682896460651116
2023-05-15,1.6431643356918213
2023-05-16,1.7124418759818667
2023-05-17,1.7832539010119919
2023-05-18,1.6394218805708405
2023-05-19,1.955870999271183
2023-05-20,1.9232122717612645
2023-05-21,1.827085326703258
2023-05-22,1.9975117996741483
2023-05-23,1.432439796476756
2023-05-24,2.27606076931745
2023-05-25,2.354526147546626
2023-05-26,1.902053575725662
2023-05-27,1.6615503768477597
2023-05-28,1.3277834971580607
2023-05-29,1.1533594982596902
2023-05-30,1.398508683719272
2023-05-31,1.9155950339322168
2023-06-01,2.3921075230969278
2023-06-02,2.2411881334256956
2023-06-03,1.998030672527322
2023-06-04,1.9431023225837667
2023-06-05,2.4839924192689042
2023-06-06,2.6732104781707275
2023-06-07,1.6699375944960115
2023-06-08,2.109021643265095
2023-06-09,1.959031097501231
2023-06-10,2.5494165234572614
2023-06-11,2.6161815597144327
2023-06-12,2.317325733894012
2023-06-13,2.1846240017558096
2023-06-14,2.330639976836718
2023-06-15,3.0103987264597234
2023-06-16,1.940851685169175
2023-06-17,1.3276472269945725
2023-06-18,1.3594515999979315
2023-06-19,1.3353257849362619
2023-06-20,1.0756086219548913
2023-06-21,0.8104672933958896
2023-06-22,0.7849603875507621
2023-06-23,0.7585574327729541
2023-06-24,0.8230296438915711
2023-06-25,0.871498032651812
2023-06-26,0.967642903776754
2023-06-27,0.9535460633723392
2023-06-28,1.0298979165309547
2023-06-29,0.9899565433439785
2023-06-30,0.9903232230367954
2023-07-01,1.0489695419297542
2023-07-02,0.9872564006415807
2023-07-03,0.886862404160373
2023-07-04,0.8140018231628968
2023-07-05,1.0187067262575924
2023-07-06,1.1051165608305995
2023-07-07,1.3643601510398877
2023-07-08,1.2982794874482837
2023-07-09,1.2648017272577599
2023-07-10,1.3116000972222224
2023-07-11,1.0403262717708333
2023-07-12,1.0132768548958333
2023-07-13,1.0887726304513887
2023-07-14,0.954479095138889
2023-07-15,1.6143179418402778
2023-07-16,1.5999379558333333
2023-07-17,1.6746562241319445
2023-07-18,1.814143071527778
2023-07-19,1.8315764715625003
2023-07-20,1.8304274579513888
2023-07-21,1.981137321423611
2023-07-22,1.7878853974305555
2023-07-23,1.7005035364236112
2023-07-24,1.9725266592708333
2023-07-25,2.0379835492361114
2023-07-26,1.8254494758680555
2023-07-27,1.555025830763889
2023-07-28,1.5929763939236112
2023-07-29,1.5308805267708334
2023-07-30,1.5610545210416666
2023-07-31,1.5769944240972222
2023-08-01,1.9954145002430554
2023-08-02,1.6040188278819445
2023-08-03,1.9813497414930556
2023-08-04,1.967773635
2023-08-05,2.165606858576389
2023-08-06,2.1829968484375
2023-08-07,2.1450126885416667
2023-08-08,1.5711735187152778
2023-08-09,1.1392462234843206
2023-08-10,1.477054608125
2023-08-11,1.7459067497222223
2023-08-12,1.8322675038541665
2023-08-13,1.932623682326389
2023-08-14,1.9177987721875
2023-08-15,1.9779505105208333
2023-08-16,2.2311233675347224
2023-08-17,2.597890516145833
2023-08-18,2.106140638298611
2023-08-19,2.3248688496875
2023-08-20,2.548744383819445
2023-08-21,2.4468313817013887
2023-08-22,2.3532197715625
2023-08-23,2.25058808
2023-08-24,2.1312667454166667
2023-08-25,2.3868983680208333
2023-08-26,2.3129063699305554
2023-08-27,2.315434270104167
2023-08-28,2.3814401933680553
2023-08-29,1.9393435440625
2023-08-30,1.3626439427777777
2023-08-31,1.7161274168402778
2023-09-01,2.357082123819444
2023-09-02,2.364352499583333
2023-09-03,2.286281677986111
2023-09-04,2.282461271979167
2023-09-05,2.412870142638889
2023-09-06,2.489676147222222
2023-09-07,2.4019900119791666
2023-09-08,1.975513019097222
2023-09-09,2.024903820138889
2023-09-10,2.066224069479167
2023-09-11,2.358683243576389
2023-09-12,1.90675057677193
2023-09-13,1.6279377549652778
2023-09-14,1.3852004080555556
2023-09-15,1.3336658874652778
2023-09-16,1.4172692463541667
2023-09-17,1.3900106119097222
2023-09-18,1.2445455044444445
2023-09-19,1.2392789572222223
2023-09-20,1.3380056369791666
2023-09-21,1.5452726407291668
2023-09-22,1.6939213888194444
2023-09-23,1.7439427852777778
2023-09-24,1.7623686314583333
2023-09-25,1.9430920979166666
2023-09-26,1.8499216901041666
2023-09-27,1.7776289451041667
2023-09-28,1.4454735514930557
2023-09-29,1.1358616938194444
2023-09-30,1.245649603611111
2023-10-01,1.2040802603472223
2023-10-02,0.9363972989583333
2023-10-03,1.2850029040277777
2023-10-04,1.456194438784722
2023-10-05,1.298453528263889
2023-10-06,1.2380728233680556
2023-10-07,0.9468539951736111
2023-10-08,1.000102366736111
2023-10-09,1.1944565915625
2023-10-10,1.3309649035763889
2023-10-11,1.8168573134722221
2023-10-12,1.8834413065277777
2023-10-13,1.8119892860416666
2023-10-14,1.7971600639930554
2023-10-15,1.758201888611111
2023-10-16,1.2267876992708333
2023-10-17,1.05236052
2023-10-18,1.0578327208333334
2023-10-19,1.0394184941666667
2023-10-20,0.7771894565972223
2023-10-21,0.7333225194791667
2023-10-22,0.7022766619097223
2023-10-23,0.6689060633680556
2023-10-24,0.8448722771527778
2023-10-25,0.8463748617361111
2023-10-26,0.8492073453472222
2023-10-27,0.9274897437847223
2023-10-28,0.9473004792013889
2023-10-29,0.9188369519791666
2023-10-30,0.9365672498263888
2023-10-31,0.9955681746875
2023-11-01,0.9305983331944445
2023-11-02,0.9353102951041667
2023-11-03,1.0688560746180555
2023-11-04,0.9805812559027777
2023-11-05,0.8718859509027778
2023-11-06,0.8852573337847223
2023-11-07,0.9619806814236112
2023-11-08,0.8081740690625
2023-11-09,0.7910893517708334
2023-11-10,0.9845313308333333
2023-11-11,0.9823611489895471
2023-11-12,0.9568858297569444
2023-11-13,1.0444432628125
2023-11-14,1.1657111126041668
2023-11-15,1.1582120600694443
2023-11-16,0.9575604666666666
2023-11-17,1.2784840123958334
2023-11-18,1.1678792536111111
2023-11-19,1.1124566392013888
2023-11-20,0.9060947940780142
2023-11-21,0.9043369127430556
2023-11-22,1.0715291436458334
2023-11-23,0.8071302848251748
2023-11-24,0.7748221489930556
2023-11-25,0.8048860996527778
2023-11-26,0.8882127991258741
2023-11-27,1.0872443231597222
2023-11-28,1.0035200727430555
2023-11-29,0.7178062768402778
2023-11-30,0.8750898563541667
2023-12-01,0.6921585328472222
2023-12-02,0.6337178420833333
2023-12-03,0.6878025751736111
2023-12-04,0.6890164531944445
2023-12-05,0.7277833161111111
2023-12-06,0.8569956752430555
2023-12-07,0.9371525244097223
2023-12-08,0.9964708594444445
2023-12-09,0.978513749826389
2023-12-10,1.0132411716666665
2023-12-11,1.1337053585069445
2023-12-12,1.3185320383333332
2023-12-13,1.3341866830208333
2023-12-14,1.1004372237152777
2023-12-15,1.1473663285416666
2023-12-16,1.2460126877777777
2023-12-17,1.3456608202430556
2023-12-18,1.4489200677777778
2023-12-19,1.0817220997569443
2023-12-20,1.0662908016666668
2023-12-21,0.9374110964236111
2023-12-22,1.0009045042708333
2023-12-23,1.0570104269791667
2023-12-24,1.0774294569791667
2023-12-25,1.175656744548611
2023-12-26,1.4823201278819444
2023-12-27,1.4506827469097223
2023-12-28,1.3491042863541667
2023-12-29,1.6170168067708335
2023-12-30,1.6789017178819445
2023-12-31,1.4335198191666665
2024-01-01,1.3442452378472223
2024-01-02,0.9610742480208333
2024-01-03,1.345746462361111
2024-01-04,1.3997838533680556
2024-01-05,1.2376002148611112
2024-01-06,1.2375237416319445
2024-01-07,1.1491018768055554
2024-01-08,1.0570777557638888
2024-01-09,0.8332010649305555
2024-01-10,1.4096696387152778
2024-01-11,1.5691375352777779
2024-01-12,2.106488235902778
2024-01-13,2.7729394350694445
2024-01-14,2.763826131284722
2024-01-15,2.6442618915625
2024-01-16,2.460795536527778
2024-01-17,2.435153515833333
2024-01-18,2.575462168784722
2024-01-19,2.7202596953125
2024-01-20,2.417377013125
2024-01-21,2.357370771458333
2024-01-22,2.565338186111111
2024-01-23,2.4434529444791666
2024-01-24,2.1809250899652777
2024-01-25,2.023202276666667
2024-01-26,1.7538704976388888
2024-01-27,1.5433411431944444
2024-01-28,1.5149771942013888
2024-01-29,1.5238243111111112
2024-01-30,1.2250766825694446
2024-01-31,1.283655071527778
2024-02-01,1.5518840600694446
2024-02-02,1.347880802013889
2024-02-03,1.2795584350347222
2024-02-04,1.4400162577777778
2024-02-05,1.5303200702430555
2024-02-06,1.4981652730208335
2024-02-07,1.30303024625
2024-02-08,0.9063465827777778
2024-02-09,0.7913587344444444
2024-02-10,0.7235946378125
2024-02-11,0.6668021786458334
2024-02-12,0.6619518255902778
2024-02-13,0.6969990034027778
2024-02-14,0.6651389040277778
2024-02-15,0.632568505625
2024-02-16,0.6734732255214724
2024-02-17,0.7306059898958334
2024-02-18,0.7523407436111111
2024-02-19,0.7349835597916666
2024-02-20,0.8151788282291667
2024-02-21,0.9534985363194445
2024-02-22,0.9665047030208334
2024-02-23,1.1094312736458332
2024-02-24,1.118664432777778
2024-02-25,0.965749530625
2024-02-26,0.9321325897916667
2024-02-27,0.7557805044791667
2024-02-28,0.8196507559027778
2024-02-29,1.0773770360069443
2024-03-01,1.154001488611111
2024-03-02,1.215451463298611
2024-03-03,1.225571004409722
2024-03-04,1.1183503595818816
2024-03-05,1.3019585920905925
2024-03-06,1.322478271010453
2024-03-07,1.23414155
2024-03-08,1.19657543
2024-03-09,1.21326544
2024-03-10,1.0289269211149825
2024-03-11,1.08861723
2024-03-12,1.0873459538327528
2024-03-13,1.1003373905574914
2024-03-14,1.01909221
2024-03-15,1.7981516962717767
2024-03-16,1.6856412681533102
2024-03-17,2.04652489
2024-03-18,1.5754054749477353
2024-03-19,2.067990670209059
2024-03-20,1.8800037144599304
2024-03-21,1.4560248521951218
2024-03-22,1.87433403
2024-03-23,1.8927042693379792
2024-03-24,1.6426190952961672
2024-03-25,1.2351165247735192
2024-03-26,1.1441084232404182
2024-03-27,1.3067937665853657
2024-03-28,1.2305764031358886
2024-03-29,1.08718951
2024-03-30,1.3933605671428573
2024-03-31,1.282956667108014
2024-04-01,1.5067473197560977
2024-04-02,1.51389874
2024-04-03,2.140272811010453
2024-04-04,1.8839512063414636
2024-04-05,1.6357046240069686
2024-04-06,1.62792057
2024-04-07,1.33616894
2024-04-08,1.0687142173519164
2024-04-09,1.4290621202090592
2024-04-10,1.77030333
2024-04-11,1.40207191
2024-04-12,1.30514507
2024-04-13,1.9969584541114984
2024-04-14,1.92383519
2024-04-15,1.744004031533101
2024-04-16,2.15592305
2024-04-17,2.1049945055400694
2024-04-18,1.919996106933798
2024-04-19,1.60217656
2024-04-20,1.5362574980139374
2024-04-21,1.4308516329965155
2024-04-22,1.2919739638675958
2024-04-23,1.3012279246341463
2024-04-24,1.5140564727874566
2024-04-25,1.90460558
2024-04-26,1.8538353120905924
2024-04-27,2.2017746149477353
2024-04-28,2.0999233014634147
2024-04-29,2.2470172348432054
2024-04-30,2.6137282797212547
2024-05-01,3.0131743393379793
2024-05-02,2.95921467
2024-05-03,1.9320873
2024-05-04,1.25003762
2024-05-05,1.13580793
2024-05-06,1.221123856097561
2024-05-07,1.33401472
2024-05-08,1.55798494
2024-05-09,1.90699064
2024-05-10,1.9604897343205574
2024-05-11,2.44467986
2024-05-12,2.25697682
2024-05-13,1.97311018
2024-05-14,1.24969431
2024-05-15,1.4418038243205573
2024-05-16,0.9221458584668989
2024-05-17,1.04168646
2024-05-18,0.94653049
2024-05-19,0.9364311102439024
2024-05-20,1.01144973
2024-05-21,0.89574256
2024-05-22,1.1692575791637632
2024-05-23,1.31402846
2024-05-24,1.8025610743205576
2024-05-25,1.41736096
2024-05-26,1.4018508607665505
2024-05-27,1.4563083451916377
2024-05-28,1.37779214
2024-05-29,1.9137708025783973
2024-05-30,1.7779537006271777
2024-05-31,1.55873511
2024-06-01,2.17434887
2024-06-02,2.06799693
2024-06-03,1.94107942
2024-06-04,1.395148
2024-06-05,0.970582
2024-06-06,0.93265236
2024-06-07,1.1104457365156795
2024-06-08,1.5056884177351917
2024-06-09,1.5049244152961674
2024-06-10,1.4403965330313588
2024-06-11,1.40525263
2024-06-12,2.18442767
2024-06-13,1.9731208320557492
2024-06-14,2.22042773
2024-06-15,2.177247362996516
2024-06-16,2.1354365884668987
2024-06-17,2.16413589
2024-06-18,2.0889864
2024-06-19,2.36352867
2024-06-20,2.53886099
2024-06-21,2.42716096
2024-06-22,2.76904071
2024-06-23,2.5029870382926833
2024-06-24,2.9857796500696865
2024-06-25,3.29059354
2024-06-26,2.59597849
2024-06-27,2.59818961
2024-06-28,2.57941062
2024-06-29,3.12089379
2024-06-30,2.52134289
2024-07-01,1.9944731268641116
2024-07-02,2.1768926682229965
2024-07-03,3.0932404203484323
2024-07-04,3.2492118
2024-07-05,2.6533704755749126
2024-07-06,2.3514266
2024-07-07,2.0902489963763067
2024-07-08,2.12380171
2024-07-09,2.40874975
2024-07-10,1.69228655
2024-07-11,2.07718749
2024-07-12,1.94710126
2024-07-13,1.6790897588153308
2024-07-14,1.2829330808013937
2024-07-15,1.29525541
2024-07-16,1.1361606175261325
2024-07-17,1.07881075
2024-07-18,1.2420813789547038
2024-07-19,1.169398902857143
2024-07-20,0.88367375
2024-07-21,0.9851025402439025
2024-07-22,1.0666564994425087
2024-07-23,1.05375696
2024-07-24,1.36424813
2024-07-25,1.6096555341463414
2024-07-26,1.077736141184669
2024-07-27,0.9071946505574913
2024-07-28,0.92087108
2024-07-29,1.03183881
2024-07-30,1.683353614390244
2024-07-31,1.8761322939721252
2024-08-01,2.10968952
2024-08-02,2.01206653
2024-08-03,2.35060044
2024-08-04,2.53266647
2024-08-05,2.274673082195122
2024-08-06,1.792847805121951
2024-08-07,1.5112524992334495
2024-08-08,1.3530114972125435
2024-08-09,1.2396715441114983
2024-08-10,1.38601136087108
2024-08-11,1.3626668401742161
2024-08-12,1.6463981473214286
2024-08-13,1.6349498819163761
2024-08-14,1.35964674
2024-08-15,2.12490747
2024-08-16,2.34946153
2024-08-17,1.43278619
2024-08-18,1.43085413
2024-08-19,1.8700045565156795
2024-08-20,1.5430146278397214
2024-08-21,1.7140289124738675
2024-08-22,1.3196273998954704
2024-08-23,1.56661365
2024-08-24,0.928345373728223
2024-08-25,0.9414331266898954
2024-08-26,1.0254503952264808
2024-08-27,1.5251481490243903
2024-08-28,2.08651106
2024-08-29,2.1075470908710803
2024-08-30,2.2122309729268292
2024-08-31,2.33931336
2024-09-01,2.09149369
2024-09-02,2.46720927
2024-09-03,2.163755355783972
2024-09-04,2.371087579512195
2024-09-05,1.94568596
2024-09-06,2.91003298
2024-09-07,3.2213173766550525
2024-09-08,2.8207481588850176
2024-09-09,2.1776917450174214
2024-09-10,1.6409617652961672
2024-09-11,1.5756101
2024-09-12,1.4619728931358884
2024-09-13,1.3094098919860626
2024-09-14,1.0180535911149826
2024-09-15,1.09709718
2024-09-16,1.6531959901045297
2024-09-17,1.90169288
2024-09-18,1.295209354912892
2024-09-19,1.28127808
2024-09-20,0.83750991
2024-09-21,0.9162189139024391
2024-09-22,0.93233864
2024-09-23,0.87565115
2024-09-24,0.9412124969686412
2024-09-25,0.9399530450871081
2024-09-26,0.8702604931010454
2024-09-27,0.7310788114285715
2024-09-28,0.78380724
2024-09-29,0.8510220310801394
2024-09-30,0.86125053
2024-10-01,1.3547794746689896
2024-10-02,1.5472442796167247
2024-10-03,1.67238658
2024-10-04,1.5541998086062718
2024-10-05,1.31910367
2024-10-06,1.34731016
2024-10-07,1.28910906
2024-10-08,1.37560918
2024-10-09,1.5804639433101044
2024-10-10,1.9263814170383275
2024-10-11,2.09700004
2024-10-12,1.1212444802439023
2024-10-13,1.1690347912543553
2024-10-14,1.25874084
2024-10-15,0.70772378
2024-10-16,0.6832405713240418
2024-10-17,0.695447792369338
2024-10-18,0.6429931768641115
2024-10-19,0.62269345
2024-10-20,0.70355067
2024-10-21,0.757763143902439
2024-10-22,0.82727754
2024-10-23,0.82895717
2024-10-24,0.964820295261324
2024-10-25,0.84219254
2024-10-26,1.03191223
2024-10-27,0.92881209
2024-10-28,0.81232493
2024-10-29,0.56994057
2024-10-30,0.5961651525435541
2024-10-31,0.7147204624041812
2024-11-01,0.90449981
2024-11-02,1.10462171
2024-11-03,1.224664589303136
2024-11-04,1.24121252
2024-11-05,1.47379636
2024-11-06,1.23894538
2024-11-07,0.7013395741114982
2024-11-08,0.6391580791289199
2024-11-09,0.59552092
2024-11-10,0.6210844627526133
2024-11-11,0.6588600594773519
2024-11-12,0.8107658
2024-11-13,0.7941879905923345
2024-11-14,1.0155909085714285
2024-11-15,1.0209771390592335
2024-11-16,0.7891486993031359
2024-11-17,0.81140086
2024-11-18,0.99237691
2024-11-19,0.9118187
2024-11-20,0.6917368565156795
2024-11-21,0.60667527
2024-11-22,0.71255335
2024-11-23,0.8126963639372823
2024-11-24,0.89344825
2024-11-25,1.0135689972473867
2024-11-26,1.3258908063066202
2024-11-27,1.44987662
2024-11-28,1.040158622055749
2024-11-29,1.07236177
2024-11-30,0.9662383251916377
2024-12-01,0.9664117746689895
2024-12-02,1.0572125144947735
2024-12-03,1.11575843
2024-12-04,1.07000766
2024-12-05,0.82405743
2024-12-06,1.2191085479094077
2024-12-07,1.0890229387804877
2024-12-08,1.0955848
2024-12-09,1.2287052837630663
2024-12-10,1.3915910455749128
2024-12-11,1.37615356
2024-12-12,0.74293152
2024-12-13,0.84575733
2024-12-14,0.717253468815331
2024-12-15,0.6768912333101046
2024-12-16,0.62825982
2024-12-17,0.6353173214285714
2024-12-18,0.9309275612543553
2024-12-19,1.3130619976306621
2024-12-20,1.54901681
2024-12-21,1.41670615
2024-12-22,1.454449215923345
2024-12-23,1.713049129965157
2024-12-24,1.6537513022648085
2024-12-25,1.10210945
2024-12-26,1.10119138
2024-12-27,1.53596795
2024-12-28,1.7493401073867596
2024-12-29,1.6985714870731707
2024-12-30,1.951791815470383
2024-12-31,1.8278908298257839
2025-01-01,1.82188174
2025-01-02,1.3617316583972126
2025-01-03,1.14584424
2025-01-04,1.08748511
2025-01-05,1.1275779
2025-01-06,0.9324047193728223
2025-01-07,1.0409861465156796
2025-01-08,1.55460379
2025-01-09,1.9521027893728224
2025-01-10,2.15218911
2025-01-11,1.6929628
2025-01-12,1.7179088286062718
2025-01-13,1.7436311
2025-01-14,1.6890795
2025-01-15,1.0828402764808363
2025-01-16,0.86993976
2025-01-17,0.7995850716027875
2025-01-18,0.71740066
2025-01-19,0.78981144
2025-01-20,1.000448856968641
2025-01-21,1.1000015543205575
2025-01-22,0.78577164
2025-01-23,1.1957618734146342
2025-01-24,1.12148559
2025-01-25,0.967958358815331
2025-01-26,0.96317526
2025-01-27,1.626234758815331
2025-01-28,1.51876977
2025-01-29,1.31880937
2025-01-30,0.8459616357839721
2025-01-31,1.0781091896167248
2025-02-01,1.5880781470383276
2025-02-02,1.9375124049128922
2025-02-03,1.8745581519999999
2025-02-04,1.4323676672125436
2025-02-05,1.6698982
2025-02-06,1.6943404068641117
2025-02-07,1.7784523984320557
2025-02-08,2.0296130056794426
2025-02-09,1.93855536
2025-02-10,1.6929113845644599
2025-02-11,1.7293697824390244
2025-02-12,2.30626012
2025-02-13,1.9062779190940764
2025-02-14,1.6661502764111498
2025-02-15,1.4274896223693379
2025-02-16,1.53906600184669
2025-02-17,2.0635467526132407
2025-02-18,2.22273154
2025-02-19,2.37370313
2025-02-20,1.58552882
2025-02-21,1.06265832
2025-02-22,1.7456155843554007
2025-02-23,1.7574747450174215
2025-02-24,2.00402339
2025-02-25,2.864293788675958
2025-02-26,2.784353702996516
2025-02-27,2.431246313937282
2025-02-28,2.3218071380139373
2025-03-01,1.774429939651568
2025-03-02,1.5719897246341463
2025-03-03,1.5297133787456445
2025-03-04,2.28597418
2025-03-05,1.76838451
2025-03-06,1.29256346
2025-03-07,1.4161785
2025-03-08,2.16648174
2025-03-09,2.32493162
2025-03-10,2.797818204285714
2025-03-11,2.3584648411149827
2025-03-12,1.79540605
2025-03-13,1.915519283937282
2025-03-14,1.7459952835191637
2025-03-15,1.21919487
2025-03-16,1.32687117
2025-03-17,1.67709493
2025-03-18,1.30793013
2025-03-19,1.4813268050174215
2025-03-20,1.2400551521602787
2025-03-21,1.5900966042160278
2025-03-22,1.57140371
2025-03-23,1.54975375
2025-03-24,1.19187702
2025-03-25,0.9677273087108014
2025-03-26,0.91771845
2025-03-27,1.067530461010453
2025-03-28,1.02744398
2025-03-29,2.06706457
2025-03-30,2.00821635
2025-03-31,1.9118537264111497
2025-04-01,1.5859782021254356
2025-04-02,1.11985588
2025-04-03,1.47385345
2025-04-04,1.5409021673519165
2025-04-05,1.21039442
2025-04-06,1.6809495001393728
2025-04-07,2.20647904
2025-04-08,1.6674242944599302
2025-04-09,1.8909088570383275
2025-04-10,0.89416595
2025-04-11,1.166374358466899
2025-04-12,0.77952738
2025-04-13,0.8107189876306621
2025-04-14,0.95505169
2025-04-15,0.8577029466666667
2025-04-16,1.03892527
2025-04-17,0.98104181
2025-04-18,0.9224216378048782
2025-04-19,1.00126308
2025-04-20,1.0027046291986064
2025-04-21,1.01165302
2025-04-22,0.6363995019860628
2025-04-23,0.60356208
2025-04-24,0.6593249121602788
2025-04-25,0.64803937
2025-04-26,0.57858313
2025-04-27,0.6793796741811846
2025-04-28,0.71096622
2025-04-29,0.6705272431010453
2025-04-30,0.7369722838675958
2025-05-01,0.77513148
2025-05-02,0.57131749
2025-05-03,0.61584944
2025-05-04,0.7868108659581882
2025-05-05,0.8890468111149825
2025-05-06,0.8780004747735192
2025-05-07,0.6279823335191638
2025-05-08,0.527016733205575
2025-05-09,0.58416971
2025-05-10,0.5946790333797909
2025-05-11,0.5963729205923345
2025-05-12,0.6179216
2025-05-13,0.7416593537630661
2025-05-14,0.68063292
2025-05-15,0.74813186
2025-05-16,0.7618289
2025-05-17,0.7277834698954704
2025-05-18,0.6876900496515679
2025-05-19,0.63124798
2025-05-20,0.5890229795121951
2025-05-21,0.5465455537979095
2025-05-22,0.45325078031358884
2025-05-23,0.5713714413588851
2025-05-24,0.7223758096864112
2025-05-25,0.8088923348432057
2025-05-26,0.74900945
2025-05-27,0.6079228
2025-05-28,0.8551268909756097
2025-05-29,1.05220291
2025-05-30,1.2037007502439026
2025-05-31,1.2033391
2025-06-01,1.19079696
2025-06-02,1.13609773
2025-06-03,0.9769657792334495
2025-06-04,0.92069213
2025-06-05,1.1624963916724738
2025-06-06,1.0420559189198606
2025-06-07,0.7315823286062718
2025-06-08,0.6776681974216028
2025-06-09,0.6272446604181184
2025-06-10,0.51510527
2025-06-11,0.52868222
2025-06-12,0.7598390338675959
2025-06-13,0.93473071
2025-06-14,0.85396902
2025-06-15,0.8616154797560975
2025-06-16,0.7321454314634146
2025-06-17,0.8685784545644599
2025-06-18,1.15318188
2025-06-19,1.0330017676655052
2025-06-20,1.03767336
2025-06-21,1.27644659
2025-06-22,1.1893276855400698
2025-06-23,1.0297652770731707
2025-06-24,0.7025085544250871
2025-06-25,0.597399063554007
2025-06-26,0.5259880690243903
2025-06-27,0.557415501184669
2025-06-28,0.56917526
2025-06-29,0.5574522024041811
2025-06-30,0.5725907848432056
2025-07-01,0.60374644
2025-07-02,0.6171692397212544
2025-07-03,0.44088611
2025-07-04,0.553624808466899
2025-07-05,0.67317404
2025-07-06,0.6184929695818815
2025-07-07,0.6117849312543554
2025-07-08,0.66583059
2025-07-09,0.57801387
2025-07-10,0.44754038864111495
2025-07-11,0.45951493
2025-07-12,0.47742326320557493
2025-07-13,0.48837332756097557
2025-07-14,0.48427372
2025-07-15,0.7691028398954703
2025-07-16,0.81723809
2025-07-17,0.7002357283623694
2025-07-18,0.7251993044599303
2025-07-19,0.805566909477352
2025-07-20,0.8642936124041812
2025-07-21,0.89377142
2025-07-22,1.01894713
2025-07-23,0.68989032
2025-07-24,0.89096061
2025-07-25,0.82493366
2025-07-26,0.9423846811149825
2025-07-27,0.86674583
2025-07-28,0.8513274281533101
2025-07-29,0.95165926
2025-07-30,1.0096215
2025-07-31,0.9229469352264809
2025-08-01,1.3718746374216029
2025-08-02,1.50308374
2025-08-03,1.5533091
2025-08-04,1.49446214
2025-08-05,1.446404312369338
2025-08-06,1.3453380159930315
2025-08-07,1.1818837
2025-08-08,1.01091709
2025-08-09,1.161388704076655
2025-08-10,1.24789534
2025-08-11,0.8517994715679442
2025-08-12,0.98868829
2025-08-13,0.9427580626480837
2025-08-14,0.981164410174216
2025-08-15,1.2750306317421602
2025-08-16,1.38037897
2025-08-17,1.3225284951219514
2025-08-18,1.33772819
2025-08-19,1.493557354912892
2025-08-20,1.64957778
2025-08-21,1.6881522213240419
2025-08-22,1.87349892
2025-08-23,1.4639498561672475
2025-08-24,1.66973967
2025-08-25,1.9266455820209059
2025-08-26,2.0347286
2025-08-27,1.839570799477352
2025-08-28,1.6294294438327528
2025-08-29,2.0069732392957746
2025-08-30,2.32284573
2025-08-31,2.29937815
2025-09-01,2.076492509616725
2025-09-02,1.6402855185365854
2025-09-03,1.4578427909756098
2025-09-04,1.38349064
2025-09-05,1.6025184245993032
2025-09-06,1.8145871128919862
2025-09-07,1.911301
2025-09-08,1.67198486
2025-09-09,1.5502255450522648
2025-09-10,1.4277048888850175
2025-09-11,1.12400417
2025-09-12,1.0319607597909406
2025-09-13,1.0273249603832753
2025-09-14,1.03834756
2025-09-15,1.147845161533101
2025-09-16,1.087503176933798
2025-09-17,1.0452952973519163
2025-09-18,1.20999397
2025-09-19,0.94077023
2025-09-20,1.25222444
2025-09-21,1.262884052369338
2025-09-22,1.26530041
2025-09-23,1.4977312048083624
2025-09-24,1.438682016933798
2025-09-25,1.24021868
2025-09-26,1.7932457741811847
2025-09-27,1.7989844196167248
2025-09-28,1.78233366
2025-09-29,1.2526971048083624
2025-09-30,1.02271389
2025-10-01,0.9038337068292683
2025-10-02,0.7296092681533102
2025-10-03,0.6401687100696865
2025-10-04,0.6228987380139372
2025-10-05,0.62752793
2025-10-06,0.6173863708013937
2025-10-07,0.55983422
2025-10-08,0.7603515377700348
2025-10-09,0.8027825905923345
2025-10-10,0.9864338780139372
2025-10-11,1.333899212857143
2025-10-12,1.53196577271777
2025-10-13,1.4244260239721256
2025-10-14,1.32975287
2025-10-15,1.7354350109059233
2025-10-16,1.97638512
2025-10-17,2.4076261
2025-10-18,2.152532151498258
2025-10-19,2.152553717665505
2025-10-20,2.06036144
2025-10-21,1.8722311785714287
2025-10-22,1.80994426
2025-10-23,2.012657555261324
2025-10-24,1.77641349
2025-10-25,1.49755237728223
2025-10-26,1.45388366
2025-10-27,1.27462143
2025-10-28,1.17456961
2025-10-29,1.7312766382229965
2025-10-30,2.04186564
2025-10-31,2.0887768360278747
2025-11-01,1.97083626
2025-11-02,1.8570584961672476
2025-11-03,1.91913575
2025-11-04,2.4131367814634146
2025-11-05,2.75700981
2025-11-06,2.3601070322996516
2025-11-07,2.57468585
2025-11-08,2.4846475559930314
2025-11-09,2.4767837752264805
2025-11-10,1.817394540174216
2025-11-11,1.997541587944251
2025-11-12,2.3813793139721255
2025-11-13,2.68422853
2025-11-14,3.171270562090592
2025-11-15,3.32615924
2025-11-16,3.15641884
2025-11-17,3.35467993
2025-11-18,3.097417689651568
2025-11-19,2.65574063
2025-11-20,3.0064495773867597
2025-11-21,3.99140125
2025-11-22,2.60645333
2025-11-23,2.4441566
2025-11-24,2.24952871
2025-11-25,2.268172465783972
2025-11-26,2.2428986949825784
2025-11-27,1.5929868026829268
2025-11-28,1.52478591
2025-11-29,1.70786953
2025-11-30,1.69280121
2025-12-01,1.73574928
2025-12-02,1.8074191668641115
2025-12-03,1.42744703
2025-12-04,1.45874174
2025-12-05,1.445255
2025-12-06,1.9178326563414636
2025-12-07,1.9579785811498258
2025-12-08,2.06667104
2025-12-09,1.877691689721254
2025-12-10,1.754900393031359
2025-12-11,1.76433022
2025-12-12,1.65923573
2025-12-13,2.140649101184669
2025-12-14,2.1828401
2025-12-15,2.4452827905923344
2025-12-16,2.98623944
2025-12-17,2.189956608362369
2025-12-18,2.45144089
2025-12-19,2.44152882
2025-12-20,1.567003858292683
2025-12-21,1.639102025958188
2025-12-22,1.71058343
2025-12-23,1.90361632
2025-12-24,2.362004913240418
2025-12-25,2.27575511
2025-12-26,2.0950410417421605
2025-12-27,2.55654838
2025-12-28,2.2765636683972126
2025-12-29,2.25290359
2025-12-30,2.457517817247387
2025-12-31,2.04305725
2026-01-01,2.61142491
2026-01-02,1.657242107804878
2026-01-03,1.4396779233101045
2026-01-04,1.3588491019860627
2026-01-05,1.36938374
2026-01-06,1.2521311711149825
2026-01-07,1.47879365
2026-01-08,2.2790531855052265
2026-01-09,2.18665149
2026-01-10,2.2589505307665507
2026-01-11,2.26730398
2026-01-12,2.052741088710801
2026-01-13,1.87876917
2026-01-14,1.0439250648780487
2026-01-15,1.0170950610452962
2026-01-16,1.14233959
2026-01-17,1.29513301
2026-01-18,1.4265296992334495
2026-01-19,2.0221930591289197
2026-01-20,2.00996247
2026-01-21,2.5108996529965157
2026-01-22,2.32038282
2026-01-23,2.377312606376307
2026-01-24,2.3015145
2026-01-25,2.51885019
2026-01-26,2.563017994146341
2026-01-27,2.3051520495470386
2026-01-28,1.9941752753310105
2026-01-29,2.04173057
2026-01-30,2.860894297770035
2026-01-31,2.52244788
2026-02-01,2.73947988
2026-02-02,2.4437670628222996
2026-02-03,2.29725978
2026-02-04,2.84709877
2026-02-05,2.7965344237630663
2026-02-06,2.18137219902439
2026-02-07,1.85025977
2026-02-08,1.63187212
2026-02-09,1.68911685
2026-02-10,1.61432383
2026-02-11,1.9389725711846688
2026-02-12,1.9546520652961672
2026-02-13,1.9093739739372824
2026-02-14,1.6498638414982578
2026-02-15,1.68461553
2026-02-16,1.9431937719163765
2026-02-17,2.0302214980836237
2026-02-18,2.2323532163763065
2026-02-19,2.66339802
2026-02-20,2.1265175663066205
2026-02-21,1.845142867979094
2026-02-22,1.76295387
2026-02-23,1.93129662
2026-02-24,2.42296811
2026-02-25,2.13100754
2026-02-26,1.48711355
2026-02-27,1.9958188640766552
2026-02-28,2.1903623807665507
2026-03-01,1.88878737
2026-03-02,1.7405361
2026-03-03,1.3915513766898955
2026-03-04,1.4287452
2026-03-05,0.80520366
2026-03-06,1.16712963
2026-03-07,1.82877881
2026-03-08,2.0416725838327525
2026-03-09,1.8506892568989548
2026-03-10,1.2329575785017421
2026-03-11,1.2061346527526131
2026-03-12,1.2183223503484322
2026-03-13,1.12612378
2026-03-14,1.2180637862020907
2026-03-15,1.29678012
2026-03-16,0.9120827991986064
2026-03-17,0.85061443
2026-03-18,1.08346702456446
2026-03-19,1.38886319
2026-03-20,1.55014981
2026-03-21,1.53763934
2026-03-22,1.6981810564459932
2026-03-23,1.79171872
2026-03-24,1.38665642
2026-03-25,1.70344891
2026-03-26,1.766027689163763
2026-03-27,2.37655401087108
2026-03-28,2.73170093
2026-03-29,2.39335552
2026-03-30,1.9470776523693378
2026-03-31,1.9091482845296166
2026-04-01,1.4800662170034842
2026-04-02,1.53864618
2026-04-03,1.7955324263763066
2026-04-04,1.6514200775958188
2026-04-05,1.5679656942857143
2026-04-06,1.0834557989198608
2026-04-07,1.2720204526829266
2026-04-08,1.0304603
2026-04-09,0.974226894425087
2026-04-10,0.8319284468989547
2026-04-11,0.7495188516027875
2026-04-12,0.7425488
2026-04-13,1.16822903
2026-04-14,0.74342628
2026-04-15,0.67840643
2026-04-16,0.76159716
2026-04-17,0.73887675
2026-04-18,0.6010044
2026-04-19,0.8661500579790941
2026-04-20,0.9426628630313588
2026-04-21,0.81639658
2026-04-22,0.86077609
2026-04-23,0.5124549
2026-04-24,0.66789985
2026-04-25,0.7935864654703833
2026-04-26,0.80392829
2026-04-27,0.8213130536585366
2026-04-28,0.9178151
2026-04-29,0.94571604
2026-04-30,1.05574341
2026-05-01,0.89901387
2026-05-02,0.5956737742508711
2026-05-03,0.59854416
