date,taker_buy_sell_ratio
2020-09-01,1.1049981207638888
2020-09-02,1.0251673898611111
2020-09-03,0.9577029723611111
2020-09-04,1.0107721115277777
2020-09-05,0.9042208383333333
2020-09-06,0.8649237821527778
2020-09-07,0.8953751945833334
2020-09-08,0.9367895779513888
2020-09-09,0.9848477764583333
2020-09-10,0.907028258923611
2020-09-11,0.9913210704166667
2020-09-12,1.1439205248958333
2020-09-13,1.4281941855555556
2020-09-14,1.540798927986111
2020-09-15,1.3359649958333335
2020-09-16,1.295733459201389
2020-09-17,1.2558836554166666
2020-09-18,1.356582046388889
2020-09-19,1.4277675958680556
2020-09-20,1.380844361388889
2020-09-21,1.269040815138889
2020-09-22,1.2318936690625
2020-09-23,1.2973146676041667
2020-09-24,1.4479207894097224
2020-09-25,1.302505600486111
2020-09-26,1.4658586625694445
2020-09-27,1.4483767002482268
2020-09-28,1.41008033875
2020-09-29,1.3160513103125
2020-09-30,1.359731586875
2020-10-01,1.4388923055555556
2020-10-02,1.3186413498611111
2020-10-03,1.507821004375
2020-10-04,1.570056356423611
2020-10-05,1.3806011672569445
2020-10-06,1.2625667124652777
2020-10-07,1.3650778438541666
2020-10-08,1.4416304480902777
2020-10-09,1.2964734760763887
2020-10-10,1.0361676363194445
2020-10-11,1.0568569793402778
2020-10-12,1.0265600994097221
2020-10-13,1.1646826172569444
2020-10-14,1.1382580557291666
2020-10-15,1.401647203125
2020-10-16,1.0700446500347223
2020-10-17,1.3267650411805556
2020-10-18,1.6060282203472223
2020-10-19,1.4248997756597221
2020-10-20,1.3088061386458334
2020-10-21,1.1944378766666666
2020-10-22,0.9783147707220217
2020-10-23,1.0209465023263888
2020-10-24,1.0938109278819443
2020-10-25,1.2178405238541667
2020-10-26,1.2503202452430555
2020-10-27,1.2447304224652778
2020-10-28,1.1460206237847224
2020-10-29,1.1783285667708334
2020-10-30,1.198963477048611
2020-10-31,1.1803622665277778
2020-11-01,1.1449063413541667
2020-11-02,1.1841042835416666
2020-11-03,1.1862587061111112
2020-11-04,1.1630632385416666
2020-11-05,1.0720947569097221
2020-11-06,0.9158909759722221
2020-11-07,1.0184979429166665
2020-11-08,0.9751890010416666
2020-11-09,0.9675946839583334
2020-11-10,1.0602173548958334
2020-11-11,1.0186778762152777
2020-11-12,1.0805995721527777
2020-11-13,0.9656328661458333
2020-11-14,1.2746983818402777
2020-11-15,1.3299047692779784
2020-11-16,1.2380444189583333
2020-11-17,1.1453296455208333
2020-11-18,0.9770196158680555
2020-11-19,1.0557751677083334
2020-11-20,0.9912650551736112
2020-11-21,0.98350913
2020-11-22,0.9442744568402779
2020-11-23,1.081276622326389
2020-11-24,0.9803300279166667
2020-11-25,0.9957685967708334
2020-11-26,0.9913374289583332
2020-11-27,0.9943668097916666
2020-11-28,0.9756087173958333
2020-11-29,1.1434704146875
2020-11-30,1.1724832402777778
2020-12-01,1.0645575793055555
2020-12-02,1.0563962769791668
2020-12-03,1.0991961774652779
2020-12-04,1.0475097152083332
2020-12-05,1.1715030888541667
2020-12-06,1.1537547110069444
2020-12-07,1.152605463125
2020-12-08,1.0805424948958333
2020-12-09,1.170164307986111
2020-12-10,1.1407527775347222
2020-12-11,1.1790142769791667
2020-12-12,1.268088601111111
2020-12-13,1.1740688536805555
2020-12-14,1.1770384692708333
2020-12-15,1.1476620803819444
2020-12-16,1.1431462114930555
2020-12-17,1.0486893139930555
2020-12-18,1.0576930810069445
2020-12-19,1.1265378003819444
2020-12-20,1.0491888853125
2020-12-21,1.0481688804166667
2020-12-22,1.0649188128125
2020-12-23,1.039444095
2020-12-24,1.1049928385416665
2020-12-25,1.1223320979513889
2020-12-26,1.0775525331944444
2020-12-27,1.0441384418402777
2020-12-28,1.0154259847222222
2020-12-29,1.0406211742013889
2020-12-30,1.0651993056944444
2020-12-31,1.0156938071875001
2021-01-01,1.0595126563194444
2021-01-02,1.0719104015972223
2021-01-03,1.0203270554513888
2021-01-04,1.0035222646875
2021-01-05,1.0236722036458332
2021-01-06,1.0584563145833334
2021-01-07,1.0405079344791668
2021-01-08,1.0091412953472223
2021-01-09,1.0378794077430555
2021-01-10,1.0426048672916666
2021-01-11,1.0026378653472223
2021-01-12,1.0432980900347222
2021-01-13,1.070745734826389
2021-01-14,1.0743744488888889
2021-01-15,1.0581287688541667
2021-01-16,1.021599796875
2021-01-17,1.0746543649652778
2021-01-18,1.084338178576389
2021-01-19,1.0496516405902776
2021-01-20,1.06071773199262
2021-01-21,1.0222919956944443
2021-01-22,1.027204139027778
2021-01-23,1.0562321111805555
2021-01-24,1.081616529236111
2021-01-25,1.0684567194097223
2021-01-26,1.0433916534027778
2021-01-27,1.0315989968402777
2021-01-28,1.085385028923611
2021-01-29,1.0562602914583334
2021-01-30,1.0609447583333333
2021-01-31,1.0667971213541667
2021-02-01,1.141019209513889
2021-02-02,1.151808962534722
2021-02-03,1.1251434737847221
2021-02-04,1.040381962048611
2021-02-05,1.0513006416129034
2021-02-06,1.0607962340625
2021-02-07,1.0302303563763067
2021-02-08,1.04260430625
2021-02-09,1.0172830604861112
2021-02-10,1.0350990513937282
2021-02-11,1.062854134072727
2021-02-12,1.0491241340625
2021-02-13,1.0467799207291666
2021-02-14,1.0519606193402777
2021-02-15,1.0178968741052632
2021-02-16,1.0531321755052263
2021-02-17,1.0566562835763889
2021-02-18,0.9989681343902438
2021-02-19,1.058313797385321
2021-02-20,0.991025128125
2021-02-21,1.0612657103125
2021-02-22,0.9941264372280703
2021-02-23,1.0105353405555555
2021-02-24,1.0343000497560975
2021-02-25,1.027761543611111
2021-02-26,1.0172867435416668
2021-02-27,1.0452225384375
2021-02-28,1.0360635222648082
2021-03-01,1.0320192287152778
2021-03-02,1.033065289097473
2021-03-03,1.0739012391666667
2021-03-04,1.0106880171180554
2021-03-05,1.0472644264808364
2021-03-06,1.0492453605208334
2021-03-07,1.0633249117361112
2021-03-08,1.075555265173611
2021-03-09,1.0095044228819445
2021-03-10,1.0129975929268293
2021-03-11,1.0155816663194444
2021-03-12,1.0152265802090592
2021-03-13,1.0758915605555555
2021-03-14,1.0367928259298247
2021-03-15,1.0569214608680555
2021-03-16,1.0280043765277778
2021-03-17,1.0414052607638888
2021-03-18,1.0065429662717769
2021-03-19,1.0531444646527777
2021-03-20,1.0499888940972222
2021-03-21,1.0336350868402777
2021-03-22,1.0152241209375
2021-03-23,1.0007359218055556
2021-03-24,0.9811936056445993
2021-03-25,1.0108380608680556
2021-03-26,1.0386826720138889
2021-03-27,1.0308100224999999
2021-03-28,1.0091997197916667
2021-03-29,1.042303965625
2021-03-30,1.005446446111111
2021-03-31,1.0094734352777777
2021-04-01,0.9939220314930556
2021-04-02,1.0111967744097223
2021-04-03,0.9979025374999999
2021-04-04,1.0250114170138889
2021-04-05,1.0664893104513888
2021-04-06,0.9935831358333334
2021-04-07,0.9924841169444445
2021-04-08,1.0279652573263889
2021-04-09,1.0234470468749999
2021-04-10,1.0299408399305556
2021-04-11,1.0435547780902779
2021-04-12,1.0386038052430555
2021-04-13,1.0406183731944445
2021-04-14,0.9892272120486112
2021-04-15,1.0112772125
2021-04-16,0.9868186216319444
2021-04-17,0.9869403106597221
2021-04-18,1.0260959147038329
2021-04-19,1.0469375591608392
2021-04-20,1.0518298244097222
2021-04-21,1.027712494375
2021-04-22,1.0195099114930555
2021-04-23,1.0364036771527778
2021-04-24,1.0461251113541667
2021-04-25,1.0399211963888888
2021-04-26,1.035357414236111
2021-04-27,1.0397986684496126
2021-04-28,1.0409514352430556
2021-04-29,1.0695102076041667
2021-04-30,1.0407922889930556
2021-05-01,1.0226514641319444
2021-05-02,1.052428233715278
2021-05-03,1.002071960625
2021-05-04,1.0106858674305554
2021-05-05,1.0497300393402778
2021-05-06,1.0299913751041665
2021-05-07,1.0272380190972223
2021-05-08,1.0451971504166666
2021-05-09,1.00000494875
2021-05-10,1.0298432621180555
2021-05-11,1.024263339513889
2021-05-12,1.0360132881597222
2021-05-13,1.0281175752083334
2021-05-14,1.0375376704166668
2021-05-15,1.0313675955555555
2021-05-16,1.0391803555902779
2021-05-17,1.0171913182291668
2021-05-18,1.0249985004166666
2021-05-19,1.0141398644561403
2021-05-20,1.0503697272222223
2021-05-21,1.0632172331849314
2021-05-22,1.0493243206944445
2021-05-23,1.0619302424295773
2021-05-24,1.0640897317708333
2021-05-25,1.027145277326389
2021-05-26,1.0001647257986113
2021-05-27,1.0320884504166665
2021-05-28,1.0241883631707316
2021-05-29,1.024242047326389
2021-05-30,1.0363287830902776
2021-05-31,1.060616655625
2021-06-01,1.0373046224305555
2021-06-02,1.066321085
2021-06-03,1.0356656524999999
2021-06-04,1.024557564236111
2021-06-05,1.0486299734722222
2021-06-06,1.061822808125
2021-06-07,1.0216086961458333
2021-06-08,1.0867349503819446
2021-06-09,1.1008758804166667
2021-06-10,1.0578977193055554
2021-06-11,1.0613596436458335
2021-06-12,1.0337530366666667
2021-06-13,1.0741929297916668
2021-06-14,1.0375200340625002
2021-06-15,1.0417938620833334
2021-06-16,1.0243608062847223
2021-06-17,1.0195826264930554
2021-06-18,1.0150626129513889
2021-06-19,1.0854110446875
2021-06-20,1.0523122683333335
2021-06-21,1.0300140773958333
2021-06-22,1.0468162884126984
2021-06-23,1.0415070028363635
2021-06-24,1.0554416756989249
2021-06-25,1.0342638094444443
2021-06-26,1.0707546017361111
2021-06-27,1.0400455909027777
2021-06-28,1.0414680710763888
2021-06-29,1.0435037086458334
2021-06-30,1.049845689965278
2021-07-01,1.0498702902430557
2021-07-02,1.08900619875
2021-07-03,1.063682276111111
2021-07-04,1.0301633113888888
2021-07-05,1.0507075872222222
2021-07-06,1.0418920544444445
2021-07-07,1.0690480302777778
2021-07-08,1.0594069326041666
2021-07-09,1.1146218114236113
2021-07-10,1.0760403363888889
2021-07-11,1.1028027351736112
2021-07-12,1.0728762868750001
2021-07-13,1.0826912140625
2021-07-14,1.077798176875
2021-07-15,1.040991530625
2021-07-16,1.0814303397222222
2021-07-17,1.1191435313194444
2021-07-18,1.0956762654166665
2021-07-19,1.0818832325
2021-07-20,1.1259961886458332
2021-07-21,1.1026983559375
2021-07-22,1.100521891736111
2021-07-23,1.1252986144444443
2021-07-24,1.1026115552777778
2021-07-25,1.0867225732638888
2021-07-26,1.0512598671527777
2021-07-27,1.0929472756249998
2021-07-28,1.063145506423611
2021-07-29,1.0969238655555555
2021-07-30,1.0849679116666666
2021-07-31,1.0284967039583333
2021-08-01,1.0557394197222223
2021-08-02,1.0516338399305556
2021-08-03,1.0571941072569446
2021-08-04,1.0565627520486112
2021-08-05,1.0440696120833333
2021-08-06,1.0627682003125
2021-08-07,1.0459282547569444
2021-08-08,1.0329935925
2021-08-09,1.049390649201389
2021-08-10,1.014555615625
2021-08-11,1.0367077441319443
2021-08-12,1.045974673611111
2021-08-13,1.0694435557638888
2021-08-14,1.0568786990625
2021-08-15,1.032802002326389
2021-08-16,1.0307554790277778
2021-08-17,1.0010230151388888
2021-08-18,1.062342626423611
2021-08-19,1.0287509305555556
2021-08-20,1.0748673780902778
2021-08-21,1.0672396752430555
2021-08-22,1.07969653375
2021-08-23,1.037700626875
2021-08-24,1.0327375292334495
2021-08-25,1.063082839265734
2021-08-26,1.028910328576389
2021-08-27,1.0643437404861111
2021-08-28,1.0651222799652778
2021-08-29,1.0515724654513887
2021-08-30,1.0226823133333331
2021-08-31,1.0874225584375
2021-09-01,1.0728289866319445
2021-09-02,1.0409462663541666
2021-09-03,1.0962666606597222
2021-09-04,1.1074112832986112
2021-09-05,1.0943855775347222
2021-09-06,1.1296694977351915
2021-09-07,1.0292330835211267
2021-09-08,1.0460812419444445
2021-09-09,1.0586565379513888
2021-09-10,1.0772590282517482
2021-09-11,1.0876214615625
2021-09-12,1.1424604319444445
2021-09-13,1.0671437606643357
2021-09-14,1.0679572397222221
2021-09-15,1.1148440092361112
2021-09-16,1.1029867671527778
2021-09-17,1.0907020991319445
2021-09-18,1.081891209861111
2021-09-19,1.077246320313589
2021-09-20,1.0609426027758007
2021-09-21,1.0566734768904593
2021-09-22,1.107460294738676
2021-09-23,1.1078670797569443
2021-09-24,1.08709761877193
2021-09-25,1.1263350668641114
2021-09-26,1.0960709152464787
2021-09-27,1.0741617501041665
2021-09-28,1.0738113459375
2021-09-29,1.131083262326389
2021-09-30,1.0964905952430555
2021-10-01,1.1009051475609757
2021-10-02,1.125363226759582
2021-10-03,1.1060512005902778
2021-10-04,1.079705010173611
2021-10-05,1.0982054301736113
2021-10-06,1.0787225153472222
2021-10-07,1.0673935753472223
2021-10-08,1.0377962783680554
2021-10-09,1.1002291507638888
2021-10-10,1.049394388888889
2021-10-11,1.0759536475694444
2021-10-12,1.0308981928819445
2021-10-13,1.0471451985763889
2021-10-14,1.0656508084027778
2021-10-15,1.061405924201389
2021-10-16,1.066253822361111
2021-10-17,1.0540498752264809
2021-10-18,1.0142511267361112
2021-10-19,1.0324224825694444
2021-10-20,1.063393025451389
2021-10-21,1.0029178084320558
2021-10-22,1.0586104187108014
2021-10-23,1.0238753219097223
2021-10-24,1.0338413088194445
2021-10-25,1.085980193125
2021-10-26,1.0756543793402777
2021-10-27,1.0526767355
2021-10-28,1.050199475804196
2021-10-29,1.044791545798611
2021-10-30,1.076572870353357
2021-10-31,1.0683902667132867
2021-11-01,1.0226146325
2021-11-02,1.0704658798958333
2021-11-03,1.0599021187152777
2021-11-04,1.0151799414930556
2021-11-05,1.0445400092013888
2021-11-06,1.0740329011805556
2021-11-07,1.0851367525347222
2021-11-08,1.0530894966666666
2021-11-09,1.0159124851388888
2021-11-10,1.0364641600350877
2021-11-11,1.0301764934722222
2021-11-12,1.0448082314583333
2021-11-13,1.086059259201389
2021-11-14,1.073603772847222
2021-11-15,1.050070245798611
2021-11-16,1.0394987615302491
2021-11-17,1.08104355
2021-11-18,1.0275804493286218
2021-11-19,1.0566601338675958
2021-11-20,1.067177694548611
2021-11-21,1.0680039200347222
2021-11-22,1.0390062510801394
2021-11-23,1.09655602875
2021-11-24,1.0774110168402777
2021-11-25,1.1064546181118882
2021-11-26,1.0186467039130436
2021-11-27,1.017643645749129
2021-11-28,1.0787084080069929
2021-11-29,1.0509954411458333
2021-11-30,1.0300616413380281
2021-12-01,1.0491197292927084
2021-12-02,1.0428271038559027
2021-12-03,1.0480709657177085
2021-12-04,1.008238232706316
2021-12-05,1.103373896479514
2021-12-06,1.0905434622753472
2021-12-07,1.0791490554972223
2021-12-08,1.099227852126389
2021-12-09,1.0706485384597224
2021-12-10,1.0590004449215278
2021-12-11,1.1120887105229167
2021-12-12,1.128286376782986
2021-12-13,1.0639348173850693
2021-12-14,1.095984479792014
2021-12-15,1.09240366489338
2021-12-16,1.1105384260552082
2021-12-17,1.0663835455680557
2021-12-18,1.0812493844246527
2021-12-19,1.0783023747548612
2021-12-20,1.0351450598461804
2021-12-21,1.107401840990625
2021-12-22,1.0654139723187501
2021-12-23,1.0756649856569445
2021-12-24,1.0905766906616725
2021-12-25,1.0940290250690972
2021-12-26,1.0431141918902778
2021-12-27,1.097295771413889
2021-12-28,1.0738510493239584
2021-12-29,1.0968481524118467
2021-12-30,1.1160878108982857
2022-01-30,1.146776403715278
2022-05-09,1.0334015193783186
2022-05-10,1.0811611691895062
2022-05-11,1.0317515486119049
2022-05-12,1.065410648215625
2022-05-13,1.1047652853118057
2022-05-14,1.088385501653125
2022-05-15,1.1538929550065973
2022-05-16,1.0721936365600695
2022-05-17,1.1382759832725695
2022-05-18,1.0802463182649307
2022-05-19,1.153246441229861
2022-05-20,1.0584842575013889
2022-05-21,1.125884650745486
2022-05-22,1.1603413809767362
2022-05-23,1.06882717220625
2022-05-24,1.075319382296875
2022-05-25,1.0806457191680556
2022-05-26,1.0762253955159722
2022-05-27,1.0795500579361113
2022-05-28,1.1416588891508896
2022-05-29,1.154779599567361
2022-05-30,1.1459006289927083
2022-05-31,1.1123127676562499
2022-06-01,1.0348917818847223
2022-06-02,1.101567845178125
2022-06-03,1.0639607754520835
2022-06-04,1.1390457552694444
2022-06-05,1.1089731295708334
2022-06-06,1.1328184208583334
2022-06-07,1.0355841666409722
2022-06-08,1.069384531226736
2022-06-09,1.0925289620034722
2022-06-10,1.090423968473611
2022-06-11,1.1054499298687501
2022-06-12,1.0874392988694443
2022-06-13,1.038638788471875
2022-06-14,1.0843462361069445
2022-06-15,1.0666354748937499
2022-06-16,1.0495114582076388
2022-06-17,1.0674209848027778
2022-06-18,1.044766267763889
2022-06-19,1.1245004257642361
2022-06-20,1.0858995128388889
2022-06-21,1.096381193861111
2022-06-22,1.0737529084972222
2022-06-23,1.121846471396875
2022-06-24,1.0765751031072917
2022-06-25,1.107324838923264
2022-06-26,1.0824024994805557
2022-06-27,1.0602730639760418
2022-06-28,1.0765434514760417
2022-06-29,1.0658982374378472
2022-06-30,1.073752394413889
2022-07-01,1.0585561707805555
2022-07-02,1.0888429706777778
2022-07-03,1.1293633316652778
2022-07-04,1.1229958598961807
2022-07-05,1.090803336439236
2022-07-06,1.1028886142559027
2022-07-07,1.0971091271194444
2022-07-08,1.074094114671875
2022-07-09,1.1100709320850695
2022-07-10,1.0945459176756944
2022-07-11,1.1153998338184028
2022-07-12,1.0890918060989583
2022-07-13,1.0926599840583333
2022-07-14,1.1357346789225695
2022-07-15,1.1182798974104167
2022-07-16,1.1160118128819443
2022-07-17,1.110996345603125
2022-07-18,1.0842403201340278
2022-07-19,1.0732066806434029
2022-07-20,1.070976759478125
2022-07-21,1.0714720023878472
2022-07-22,1.0890726906635415
2022-07-23,1.0614654914840278
2022-07-24,1.0886216384951388
2022-07-25,1.0682061762069446
2022-07-26,1.0972526890871528
2022-07-27,1.1396657868541666
2022-07-28,1.1074562639253474
2022-07-29,1.072126090228125
2022-07-30,1.1009184330680555
2022-07-31,1.0640499796930554
2022-08-01,1.0881520808677083
2022-08-02,1.0793285997503472
2022-08-03,1.052466521136111
2022-08-04,1.0263802738100694
2022-08-05,1.10480194625625
2022-08-06,1.1451121764347223
2022-08-07,1.1155597297350694
2022-08-08,1.0813104005982639
2022-08-09,1.0063351678802084
2022-08-10,1.0758653456399305
2022-08-11,1.0567129189354167
2022-08-12,1.0547514441527777
2022-08-13,1.0874211918197918
2022-08-14,1.043376321471528
2022-08-15,1.0333267429038195
2022-08-16,1.0399675230663195
2022-08-17,1.0433202803416668
2022-08-18,1.0888421976034721
2022-08-19,1.008495669117014
2022-08-20,1.1125406345864584
2022-08-21,1.1135927931361111
2022-08-22,1.0673422964131944
2022-08-23,1.1257641063871526
2022-08-24,1.1211034950166665
2022-08-25,1.0869379642239583
2022-08-26,1.036151034684375
2022-08-27,1.0503428780878472
2022-08-28,1.0913043744305557
2022-08-29,1.1387387576440973
2022-08-30,1.0655432988302083
2022-08-31,1.1086360875958332
2022-09-01,1.051958607153125
2022-09-02,1.1146268194538194
2022-09-03,1.081885527865625
2022-09-04,1.107479526178125
2022-09-05,1.065443208396875
2022-09-06,1.0340022134666667
2022-09-07,1.1254773559243056
2022-09-08,1.132670404657986
2022-09-09,1.1111322537593749
2022-09-10,1.1156077210107638
2022-09-11,1.120677181821875
2022-09-12,1.0911317562708334
2022-09-13,1.049631815348611
2022-09-14,1.0692195321689897
2022-09-15,1.0533005308184027
2022-09-16,1.073865050284028
2022-09-17,1.1255367778135417
2022-09-18,1.082898186829514
2022-09-19,1.0651156176736112
2022-09-20,1.0787428810069446
2022-09-21,1.0680963369444445
2022-09-22,1.0871271062576389
2022-09-23,1.0637280607253472
2022-09-24,1.1477436084545138
2022-09-25,1.0732425479868057
2022-09-26,1.0871447929888889
2022-09-27,1.0676441418871527
2022-09-28,1.0811518692899305
2022-09-29,1.0603453223645833
2022-09-30,1.0647279674413195
2022-10-01,1.130797526732639
2022-10-02,1.1322568800229167
2022-10-03,1.1301049782385417
2022-10-04,1.114002578917361
2022-10-05,1.0725264119586806
2022-10-06,1.0437866406694445
2022-10-07,1.039553264723611
2022-10-08,1.1329309076850693
2022-10-09,1.150623163110764
2022-10-10,1.0787762289520832
2022-10-11,1.0664920215322917
2022-10-12,1.0530910835368055
2022-10-13,1.054513965415972
2022-10-14,1.0635630016572917
2022-10-15,1.1107933647895833
2022-10-16,1.1053627177527778
2022-10-17,1.141447279503125
2022-10-18,1.0406135754385417
2022-10-19,1.057926164637153
2022-10-20,1.083077609626736
2022-10-21,1.1070020944572918
2022-10-22,1.2081323846520833
2022-10-23,1.189413276871875
2022-10-24,1.08592959139375
2022-10-25,1.1102733134961804
2022-10-26,1.0286899451315972
2022-10-27,1.0397853841715277
2022-10-28,1.0737448677381944
2022-10-29,1.0998676728201389
2022-10-30,1.0857859728534722
2022-10-31,1.1169269147024306
2022-11-01,1.0949516827854167
2022-11-02,1.0985546854534722
2022-11-03,1.1213210397375
2022-11-04,1.0919649639055555
2022-11-05,1.095146084609028
2022-11-06,1.1730942003027778
2022-11-07,1.0708189382972222
2022-11-08,1.029626210988889
2022-11-09,0.9770140590687499
2022-11-10,1.0534513995739583
2022-11-11,1.055124639601389
2022-11-12,1.0892912141503472
2022-11-13,1.0683536709010417
2022-11-14,1.057630557803125
2022-11-15,1.1014181061996529
2022-11-16,1.0713893532715277
2022-11-17,1.0851781191298613
2022-11-18,1.1200209056690973
2022-11-19,1.1595017963833334
2022-11-20,1.2025645360288193
2022-11-21,1.0753463438270832
2022-11-22,1.0999091608628473
2022-11-23,1.0913831046006943
2022-11-24,1.09918163183125
2022-11-25,1.1272412887114585
2022-11-26,1.1049940167947918
2022-11-27,1.1195068200437501
2022-11-28,1.0739377884538195
2022-11-29,1.1077037528416667
2022-11-30,1.1376182693204862
2022-12-01,1.1298626052552083
2022-12-02,1.1694506172961807
2022-12-03,1.1640809170972224
2022-12-04,1.1762870255
2022-12-05,1.0832940052159723
2022-12-06,1.1104691639875002
2022-12-07,1.090490063701389
2022-12-08,1.1781366124923611
2022-12-09,1.1483088205010417
2022-12-10,1.1688598256645832
2022-12-11,1.1955772741802084
2022-12-12,1.1388452808996528
2022-12-13,1.2126308927006944
2022-12-14,1.0987762800333334
2022-12-15,1.0319764088503471
2022-12-16,1.0963904430986111
2022-12-17,1.1601315153607639
2022-12-18,1.2162280027239583
2022-12-19,1.0934803127072916
2022-12-20,1.1132833084854168
2022-12-21,1.1072688952881944
2022-12-22,1.1476369006899305
2022-12-23,1.180899586345486
2022-12-24,1.2226370311295138
2022-12-25,1.1995187703086805
2022-12-26,1.2144757438399305
2022-12-27,1.1278587274791667
2022-12-28,1.145914928221875
2022-12-29,1.1785976048989584
2022-12-30,1.1046636836694443
2022-12-31,1.252536155665625
2023-01-01,1.2604096343059028
2023-01-02,1.1857183580444444
2023-01-03,1.159559026712153
2023-01-04,1.1308761431194445
2023-01-05,1.129338585257639
2023-01-06,1.1269921093795139
2023-01-07,1.3365456635413195
2023-01-08,1.4067257084197917
2023-01-09,1.1003028888729167
2023-01-10,1.1114836126059027
2023-01-11,1.099058326979861
2023-01-12,1.0940233159659722
2023-01-13,1.086121265845139
2023-01-14,1.0552048788715278
2023-01-15,1.0856151826871527
2023-01-16,1.0577265574631944
2023-01-17,1.0799532476309028
2023-01-18,1.0782457718715277
2023-01-19,1.0856835354128471
2023-01-20,1.1226998255302083
2023-01-21,1.046909549822222
2023-01-22,1.0591308850069445
2023-01-23,1.1132086004680555
2023-01-24,1.0392107195697917
2023-01-25,1.058782775186111
2023-01-26,1.0389257757204862
2023-01-27,1.0556391372635416
2023-01-28,1.0753107826708335
2023-01-29,1.0875887469579861
2023-01-30,1.0336541472111112
2023-01-31,1.0509136707385416
2023-02-01,1.048006563732639
2023-02-02,1.045012021195486
2023-02-03,1.0494399449395833
2023-02-04,1.1288358016333335
2023-02-05,1.0429705021909723
2023-02-06,1.0873796180270832
2023-02-07,1.11366563336875
2023-02-08,1.0731835538819443
2023-02-09,1.0558881062288195
2023-02-10,1.0940243408270833
2023-02-11,1.1760082095725695
2023-02-12,1.2010829803850696
2023-02-13,1.0894951753614583
2023-02-14,1.1348360191881945
2023-02-15,1.149836946146875
2023-02-16,1.0530132351368056
2023-02-17,1.063257560322222
2023-02-18,1.0841234105614583
2023-02-19,1.0594051479868056
2023-02-20,1.066467112754861
2023-02-21,1.0417873712111112
2023-02-22,1.02491281005625
2023-02-23,1.0518535836190972
2023-02-24,1.0582888098333332
2023-02-25,1.0886718598670138
2023-02-26,1.1693661625527776
2023-02-27,1.115012833713889
2023-02-28,1.0285305785253473
2023-03-01,1.0922883901961804
2023-03-02,1.0663975251524307
2023-03-03,0.9944528306215277
2023-03-04,1.1448018209947917
2023-03-05,1.1398857569569445
2023-03-06,1.0723953914288193
2023-03-07,1.1307413324006945
2023-03-08,1.0585815088100694
2023-03-09,1.0741904797725694
2023-03-10,1.0458232528972222
2023-03-11,1.09834699268125
2023-03-12,1.1277998380086804
2023-03-13,1.0639742797222222
2023-03-14,1.0430437211378472
2023-03-15,1.0262519353034723
2023-03-16,1.0270657461114583
2023-03-17,1.0773640141197918
2023-03-18,1.0160939243527778
2023-03-19,1.039942096682986
2023-03-20,1.021897773315625
2023-03-21,1.022541831584375
2023-03-22,1.02594136938125
2023-03-23,1.0811964206722222
2023-03-24,1.022940356920139
2023-03-25,1.0744133298576388
2023-03-26,1.0652196232868054
2023-03-27,1.043460747686111
2023-03-28,1.0299298658267362
2023-03-29,1.0451990292965276
2023-03-30,1.0314481824409722
2023-03-31,1.0489660125083333
2023-04-01,1.0855797522625
2023-04-02,1.063845839686111
2023-04-03,1.0318368303402776
2023-04-04,1.0675683019559028
2023-04-05,1.0590262393979168
2023-04-06,1.0410558268600694
2023-04-07,1.0583977356083334
2023-04-08,1.1089598393
2023-04-09,1.1258821842753473
2023-04-10,1.1405230237152777
2023-04-11,1.1031284898552083
2023-04-12,1.0544179655493056
2023-04-13,1.0848342985690973
2023-04-14,1.053399567604861
2023-04-15,1.1234692465045137
2023-04-16,1.1133405873937499
2023-04-17,1.0586452936461805
2023-04-18,1.0772745016399305
2023-04-19,1.0363198801989584
2023-04-20,1.0557108177628471
2023-04-21,1.0746897458913194
2023-04-22,1.1533837946739582
2023-04-23,1.103104201989236
2023-04-24,1.082212235026736
2023-04-25,1.1034301981159722
2023-04-26,1.0620541559
2023-04-27,1.0647200586347223
2023-04-28,1.0562241499770832
2023-04-29,1.1136680254836806
2023-04-30,1.1053470089454862
2023-05-01,1.076510179045139
2023-05-02,1.1205708172600695
2023-05-03,1.122625554828125
2023-05-04,1.0924737367211805
2023-05-05,1.0679038098253473
2023-05-06,1.0564988674381945
2023-05-07,1.064112327484375
2023-05-08,1.050157457660764
2023-05-09,1.115581113342361
2023-05-10,1.082726523615625
2023-05-11,1.079317852170486
2023-05-12,1.0763960310104168
2023-05-13,1.1055749584784722
2023-05-14,1.1348274004194443
2023-05-15,1.095562756092361
2023-05-16,1.083208568335764
2023-05-17,1.1077877343625
2023-05-18,1.0758697256836804
2023-05-19,1.131885479732986
2023-05-20,1.2279368440701388
2023-05-21,1.1111291882447916
2023-05-22,1.1359961805795138
2023-05-23,1.1312627257569445
2023-05-24,1.0449621247288194
2023-05-25,1.1238680401329861
2023-05-26,1.1073858760913196
2023-05-27,1.2806733972104167
2023-05-28,1.1362181607184028
2023-05-29,1.1046137651333334
2023-05-30,1.0960408609899306
2023-05-31,1.100827356178125
2023-06-01,1.1009364129503474
2023-06-02,1.088725858845139
2023-06-03,1.1887656036124998
2023-06-04,1.2095882171569443
2023-06-05,1.0276972241447917
2023-06-06,1.1119782905399305
2023-06-07,1.0759745443197917
2023-06-08,1.096637184625
2023-06-09,1.166741879978125
2023-06-10,1.0702634517847223
2023-06-11,1.1120928121934028
2023-06-12,1.0741063662333332
2023-06-13,1.1082042827649305
2023-06-14,1.1077082372142362
2023-06-15,1.0788449385489585
2023-06-16,1.1445481996194444
2023-06-17,1.119345198015972
2023-06-18,1.1445471767802085
2023-06-19,1.0665684226552083
2023-06-20,1.1633920346652777
2023-06-21,1.094460821763889
2023-06-22,1.0733958616788195
2023-06-23,1.0647227988986112
2023-06-24,1.1081944924246527
2023-06-25,1.0940670804298611
2023-06-26,1.0738471856395835
2023-06-27,1.1100245232190973
2023-06-28,1.0737757619270833
2023-06-29,1.1158371674888887
2023-06-30,1.0774505376711805
2023-07-01,1.1070079828236112
2023-07-02,1.2238480651354167
2023-07-03,1.1969934245802083
2023-07-04,1.1148279351309027
2023-07-05,1.0932239039184026
2023-07-06,1.0897915372979168
2023-07-07,1.1037723877333334
2023-07-08,1.242069454820486
2023-07-09,1.1592771848430554
2023-07-10,1.092301355
2023-07-11,1.1291280884375
2023-07-12,1.1692835935069443
2023-07-13,1.1182952802430557
2023-07-14,1.0396084550347222
2023-07-15,1.1424980679166667
2023-07-16,1.1728008871180555
2023-07-17,1.0903373763194444
2023-07-18,1.0998335280555556
2023-07-19,1.1021099467013888
2023-07-20,1.0752326970833335
2023-07-21,1.082555594722222
2023-07-22,1.2117063451388888
2023-07-23,1.2573650662847222
2023-07-24,1.0614321778819444
2023-07-25,1.2056654544097223
2023-07-26,1.18325275
2023-07-27,1.2022828688541667
2023-07-28,1.2245018838194444
2023-07-29,1.445448093576389
2023-07-30,1.2134940204513889
2023-07-31,1.2082521847222223
2023-08-01,1.1008006080208332
2023-08-02,1.0664788426736111
2023-08-03,1.1420148808680555
2023-08-04,1.1659455874652778
2023-08-05,1.3116712309722223
2023-08-06,1.3930589705555556
2023-08-07,1.1830020992361112
2023-08-08,1.196218706736111
2023-08-09,1.2015816141666666
2023-08-10,1.1726194855208334
2023-08-11,1.2674545511458333
2023-08-12,1.5926849499652778
2023-08-13,1.4599650087847222
2023-08-14,1.2504938715277778
2023-08-15,1.2923359533333334
2023-08-16,1.2003623893055557
2023-08-17,1.0652775991666668
2023-08-18,0.9899098061458333
2023-08-19,1.0151284397916667
2023-08-20,1.249203073923611
2023-08-21,1.127956144513889
2023-08-22,1.1973525280208335
2023-08-23,1.0749941344444442
2023-08-24,1.1340217856944443
2023-08-25,1.1112165678819443
2023-08-26,1.5912473953472221
2023-08-27,1.4130962622222223
2023-08-28,1.252326026388889
2023-08-29,1.0687275624305554
2023-08-30,1.1308814695833334
2023-08-31,1.1639689185416666
2023-09-01,1.1805021500347221
2023-09-02,1.181050029201389
2023-09-03,1.2780822470138888
2023-09-04,1.1896941166666666
2023-09-05,1.1790696946180554
2023-09-06,1.1480998742708333
2023-09-07,1.1488819803472223
2023-09-08,1.1496856832986113
2023-09-09,1.4269264463541667
2023-09-10,1.290242496875
2023-09-11,1.1334489594097221
2023-09-12,1.1250208205614036
2023-09-13,1.1264322886805556
2023-09-14,1.1375882764583334
2023-09-15,1.1453637588541667
2023-09-16,1.1953845486458334
2023-09-17,1.2133301552777778
2023-09-18,1.1013257008333333
2023-09-19,1.1550557698611112
2023-09-20,1.1281153263541668
2023-09-21,1.1709752406597222
2023-09-22,1.1363521898263889
2023-09-23,1.3165732835763888
2023-09-24,1.6348515661111112
2023-09-25,1.2063392273958333
2023-09-26,1.1847681529861112
2023-09-27,1.1726477741319445
2023-09-28,1.110109439027778
2023-09-29,1.1562516693055556
2023-09-30,1.2339106154513888
2023-10-01,1.27811221875
2023-10-02,1.0983022047569444
2023-10-03,1.1393798297222224
2023-10-04,1.1337941812152779
2023-10-05,1.1024030747222222
2023-10-06,1.1190573912500001
2023-10-07,1.220965663125
2023-10-08,1.2245514168402778
2023-10-09,1.076541626701389
2023-10-10,1.1035772564583333
2023-10-11,1.14484149125
2023-10-12,1.1643355500694446
2023-10-13,1.120151496076389
2023-10-14,1.303449312361111
2023-10-15,1.3270743178472222
2023-10-16,1.0715563225694444
2023-10-17,1.0895391307291666
2023-10-18,1.1246392652777777
2023-10-19,1.1149693435416668
2023-10-20,1.140731641423611
2023-10-21,1.1935623489583334
2023-10-22,1.2390178123958333
2023-10-23,1.1298867700347222
2023-10-24,1.0571815330208334
2023-10-25,1.0773791322222221
2023-10-26,1.0552589310069445
2023-10-27,1.0308602968055556
2023-10-28,1.2068489905902777
2023-10-29,1.2191080651736113
2023-10-30,1.1332905106597222
2023-10-31,1.1348319734375
2023-11-01,1.1279501234027778
2023-11-02,1.0259366633680556
2023-11-03,1.0598203595138889
2023-11-04,1.1908676019791669
2023-11-05,1.1634423901041666
2023-11-06,1.1807164907986112
2023-11-07,1.0831129255902778
2023-11-08,1.1152686365625
2023-11-09,1.0994115579861112
2023-11-10,1.0332139439583332
2023-11-11,1.1356853646527778
2023-11-12,1.212288735
2023-11-13,1.071268945486111
2023-11-14,1.0479033678472223
2023-11-15,1.115607436736111
2023-11-16,1.0541163772222222
2023-11-17,1.024006292951389
2023-11-18,1.142759229236111
2023-11-19,1.216000178576389
2023-11-20,1.0614761300347224
2023-11-21,1.0957078520138888
2023-11-22,1.0971313711111113
2023-11-23,1.1205434128819443
2023-11-24,1.1150171157291666
2023-11-25,1.1823273491666668
2023-11-26,1.170211048923611
2023-11-27,1.0718208760416668
2023-11-28,1.105237601111111
2023-11-29,1.0990540088541667
2023-11-30,1.1370116020486112
2023-12-01,1.0935855653472222
2023-12-02,1.2843375284722223
2023-12-03,1.1452271036458332
2023-12-04,1.1137908471875
2023-12-05,1.0616308867708333
2023-12-06,1.0877793341666666
2023-12-07,1.0178858011805554
2023-12-08,1.102835619826389
2023-12-09,1.1197901771180556
2023-12-10,1.2132825371180556
2023-12-11,1.0470248810416667
2023-12-12,1.0929726980902776
2023-12-13,1.0518731074999998
2023-12-14,1.079105445
2023-12-15,1.0826376077430555
2023-12-16,1.0905409706597222
2023-12-17,1.0904532073263888
2023-12-18,1.116509607326389
2023-12-19,1.0552596653819444
2023-12-20,1.062734667986111
2023-12-21,1.0941588961458333
2023-12-22,1.0863026823958333
2023-12-23,1.0886148303472223
2023-12-24,1.1064601011458333
2023-12-25,1.1478182123958334
2023-12-26,1.05352215375
2023-12-27,1.0774216678819444
2023-12-28,1.1016831748611111
2023-12-29,1.0630611021180556
2023-12-30,1.1050084192708334
2023-12-31,1.1330767297569446
2024-01-01,1.1034581116319444
2024-01-02,1.012903030798611
2024-01-03,1.0701142313541667
2024-01-04,1.0789563890625
2024-01-05,1.1022834766666667
2024-01-06,1.1450336353472224
2024-01-07,1.0934538022916667
2024-01-08,1.0968191855208334
2024-01-09,1.054584495
2024-01-10,1.0426896201041667
2024-01-11,1.026382512465278
2024-01-12,1.0168736804861112
2024-01-13,1.0314740782291667
2024-01-14,1.0485566760416667
2024-01-15,1.0722131113888889
2024-01-16,1.0347465283680557
2024-01-17,1.1006362345486111
2024-01-18,1.0265658407986111
2024-01-19,1.0664476270833334
2024-01-20,1.0850411687152777
2024-01-21,1.2597940203472222
2024-01-22,1.0503591119097222
2024-01-23,1.0689474413888889
2024-01-24,1.0974879917361111
2024-01-25,1.1297524106249999
2024-01-26,1.1017518572569445
2024-01-27,1.0879334899652777
2024-01-28,1.107581020625
2024-01-29,1.0870332716666669
2024-01-30,1.0526832257638887
2024-01-31,1.0968073073263889
2024-02-01,1.0828729104166668
2024-02-02,1.1546788114583333
2024-02-03,1.1000244780208335
2024-02-04,1.2435063768749999
2024-02-05,1.1726333569097223
2024-02-06,1.1292802957291665
2024-02-07,1.163804706875
2024-02-08,1.0521133503472222
2024-02-09,1.0932353155555556
2024-02-10,1.0985754479166667
2024-02-11,1.0996221252083334
2024-02-12,1.0862993064236113
2024-02-13,1.0636612589930554
2024-02-14,1.0714015195138888
2024-02-15,1.0596813495833333
2024-02-16,1.1304027551533742
2024-02-17,1.1515081233680555
2024-02-18,1.1172759576041666
2024-02-19,1.1013722102777779
2024-02-20,1.0741653681944445
2024-02-21,1.0601782375
2024-02-22,1.0849817036458334
2024-02-23,1.079526674201389
2024-02-24,1.1531761785763888
2024-02-25,1.1713710613541666
2024-02-26,1.0966187780902779
2024-02-27,1.0902446133680557
2024-02-28,1.0473183983680556
2024-02-29,1.0399023056249999
2024-03-01,1.0572838396875
2024-03-02,1.0986259706597223
2024-03-03,1.1310069068750002
2024-03-04,1.0674376236933798
2024-03-05,1.037480724738676
2024-03-06,1.0683536236933797
2024-03-07,1.0741053449477351
2024-03-08,0.898811
2024-03-09,1.1112191777003484
2024-03-10,1.1140872787456446
2024-03-11,1.08069806271777
2024-03-12,1.242765
2024-03-13,0.720349
2024-03-14,0.962657
2024-03-15,1.0107084738675958
2024-03-16,1.0153879721254357
2024-03-17,1.0524301219512195
2024-03-18,1.0628995017421603
2024-03-19,0.659048
2024-03-20,1.0660914111498259
2024-03-21,0.734379
2024-03-22,1.0059164355400696
2024-03-23,2.111195
2024-03-24,0.762251
2024-03-25,1.0733560418118466
2024-03-26,1.0505939721254356
2024-03-27,1.043864473867596
2024-03-28,1.0523279337979095
2024-03-29,1.881698
2024-03-30,1.1596912717770034
2024-03-31,1.1654080940766551
2024-04-01,1.615159
2024-04-02,1.0380121672473868
2024-04-03,0.673574
2024-04-04,1.0872338536585366
2024-04-05,0.570782
2024-04-06,0.306517
2024-04-07,1.1344581533101046
2024-04-08,1.1156904703832753
2024-04-09,1.31128
2024-04-10,1.050451268292683
2024-04-11,1.63211
2024-04-12,0.387873
2024-04-13,1.0550138710801393
2024-04-14,1.0378368780487803
2024-04-15,1.0376895853658537
2024-04-16,1.0704686898954703
2024-04-17,1.096687
2024-04-18,0.900008
2024-04-19,0.649644
2024-04-20,1.0822782717770034
2024-04-21,1.0869711951219512
2024-04-22,1.0917751567944252
2024-04-23,1.387035
2024-04-24,1.188835
2024-04-25,1.0837381986062717
2024-04-26,1.732136
2024-04-27,0.70951
2024-04-28,0.473379
2024-04-29,1.0595721916376306
2024-04-30,1.223772
2024-05-01,1.0313711010452962
2024-05-02,1.0555647142857143
2024-05-03,0.329299
2024-05-04,1.1175896167247388
2024-05-05,1.1634599825783971
2024-05-06,1.0622979895470384
2024-05-07,1.017637
2024-05-08,1.1047471602787455
2024-05-09,1.1213781637630662
2024-05-10,1.080338198606272
2024-05-11,1.118617174216028
2024-05-12,2.025237
2024-05-13,1.0943349198606271
2024-05-14,1.543587
2024-05-15,1.0859381219512196
2024-05-16,1.078632
2024-05-17,0.654638
2024-05-18,1.1641746445993033
2024-05-19,0.709445
2024-05-20,1.0935883170731708
2024-05-21,1.0546804006968642
2024-05-22,0.868429
2024-05-23,1.086750857142857
2024-05-24,0.919867
2024-05-25,1.2732559930313587
2024-05-26,1.192573881533101
2024-05-27,1.2048735226480836
2024-05-28,1.0710938257839722
2024-05-29,0.808255
2024-05-30,1.1023556306620208
2024-05-31,1.1016416829268292
2024-06-01,0.706684
2024-06-02,1.774463
2024-06-03,1.1767444285714286
2024-06-04,1.05432
2024-06-05,0.772675
2024-06-06,0.758223
2024-06-07,0.989835
2024-06-08,1.1247979198606273
2024-06-09,0.583367
2024-06-10,1.2133130662020906
2024-06-11,2.890916
2024-06-12,0.735637
2024-06-13,1.143187
2024-06-14,1.386851
2024-06-15,1.368755662020906
2024-06-16,0.770189
2024-06-17,1.1066684947735193
2024-06-18,1.0363400627177701
2024-06-19,1.170552425087108
2024-06-20,1.067138
2024-06-21,0.984025
2024-06-22,1.2061848536585364
2024-06-23,0.794228
2024-06-24,0.526277
2024-06-25,1.1257046306620209
2024-06-26,1.1766348292682927
2024-06-27,1.2031982229965157
2024-06-28,1.2079978850174218
2024-06-29,0.823221
2024-06-30,1.2258240766550523
2024-07-01,1.1355504912891985
2024-07-02,1.059552
2024-07-03,1.01738
2024-07-04,0.452658
2024-07-05,1.0601943031358885
2024-07-06,1.1439690766550523
2024-07-07,1.269219
2024-07-08,1.1083698780487805
2024-07-09,1.1520679581881534
2024-07-10,1.022732
2024-07-11,0.862247
2024-07-12,1.1714579407665506
2024-07-13,0.75012
2024-07-14,1.2123764390243903
2024-07-15,0.733209
2024-07-16,1.0992336655052264
2024-07-17,0.636885
2024-07-18,1.11077893728223
2024-07-19,1.1002710522648083
2024-07-20,1.24780774912892
2024-07-21,0.422277
2024-07-22,1.873087
2024-07-23,0.689624
2024-07-24,1.14362187456446
2024-07-25,1.120921118466899
2024-07-26,1.393267
2024-07-27,1.374852
2024-07-28,0.557895
2024-07-29,1.126737655052265
2024-07-30,1.1120255714285714
2024-07-31,0.436983
2024-08-01,1.0836744425087108
2024-08-02,1.0755628397212544
2024-08-03,0.961835
2024-08-04,1.0954512229965157
2024-08-05,0.999567331010453
2024-08-06,0.960287
2024-08-07,1.0307671916376306
2024-08-08,1.0973184355400696
2024-08-09,1.1197273972125434
2024-08-10,1.1045520174216028
2024-08-11,1.0934676794425087
2024-08-12,0.88553
2024-08-13,1.067748
2024-08-14,1.592227
2024-08-15,1.323951
2024-08-16,1.069222048780488
2024-08-17,1.1675602891986063
2024-08-18,1.1881070209059235
2024-08-19,1.138420181184669
2024-08-20,1.1043284041811847
2024-08-21,1.0864958710801393
2024-08-22,1.1087135993031358
2024-08-23,1.0977854355400696
2024-08-24,2.389598
2024-08-25,1.132318818815331
2024-08-26,0.712854
2024-08-27,1.1172175679442509
2024-08-28,1.055447236933798
2024-08-29,0.56951
2024-08-30,1.0946468397212543
2024-08-31,1.1593023728222998
2024-09-01,0.984199
2024-09-02,1.387677
2024-09-03,1.378977
2024-09-04,1.1359613797909407
2024-09-05,1.071149487804878
2024-09-06,0.960246
2024-09-07,1.250924
2024-09-08,1.1256961742160279
2024-09-09,0.975108
2024-09-10,1.1396849442508712
2024-09-11,1.134149
2024-09-12,1.1707145226480837
2024-09-13,0.990329
2024-09-14,0.507252
2024-09-15,1.2384864390243902
2024-09-16,0.736401
2024-09-17,1.0747556027874565
2024-09-18,1.1450574773519164
2024-09-19,1.362028
2024-09-20,0.441419
2024-09-21,1.195007480836237
2024-09-22,0.608737
2024-09-23,1.155178912891986
2024-09-24,1.122668369337979
2024-09-25,1.0865873658536584
2024-09-26,1.1063218641114982
2024-09-27,1.1154801672473869
2024-09-28,1.539583
2024-09-29,1.2664178466898954
2024-09-30,1.0556767804878049
2024-10-01,1.0534852717770036
2024-10-02,1.1357480836236933
2024-10-03,0.667406
2024-10-04,1.1519047700348433
2024-10-05,1.205960149825784
2024-10-06,0.552587
2024-10-07,0.834005
2024-10-08,1.1290892961672474
2024-10-09,0.711858
2024-10-10,0.657102
2024-10-11,1.256239
2024-10-12,1.855724
2024-10-13,1.071379
2024-10-14,1.1217528292682928
2024-10-15,1.0981738327526132
2024-10-16,1.1142253205574912
2024-10-17,1.007496
2024-10-18,1.618137
2024-10-19,1.2229670592334494
2024-10-20,1.206614780487805
2024-10-21,1.044291432055749
2024-10-22,1.084839292682927
2024-10-23,1.0942448327526133
2024-10-24,0.282888
2024-10-25,1.0502721533101045
2024-10-26,1.1213527839721256
2024-10-27,0.7172
2024-10-28,1.211505954385965
2024-10-29,1.1649499407665507
2024-10-30,0.959758
2024-10-31,1.198543
2024-11-01,0.375638
2024-11-02,0.567505
2024-11-03,2.112828
2024-11-04,1.097383243902439
2024-11-05,1.92592
2024-11-06,1.0934114111498259
2024-11-07,1.0473286689895471
2024-11-08,0.68524
2024-11-09,1.1973279547038327
2024-11-10,1.102580212543554
2024-11-11,1.047249
2024-11-12,0.916283
2024-11-13,1.0332255296167248
2024-11-14,2.233251
2024-11-15,1.0440376480836238
2024-11-16,1.1090312891986063
2024-11-17,2.493869
2024-11-18,1.0635121289198606
2024-11-19,1.17732
2024-11-20,2.045404
2024-11-21,1.0848586794425088
2024-11-22,1.0536465365853658
2024-11-23,1.1883066968641114
2024-11-24,1.1162610801393729
2024-11-25,1.0546648536585366
2024-11-26,0.872347
2024-11-27,1.129967
2024-11-28,0.888935
2024-11-29,1.1610030383275263
2024-11-30,1.175967306620209
2024-12-01,0.579493
2024-12-02,0.646051
2024-12-03,1.1312085052264809
2024-12-04,1.0688430696864113
2024-12-05,0.522072
2024-12-06,1.0707925888501741
2024-12-07,1.1144123519163762
2024-12-08,1.721815
2024-12-09,0.495511
2024-12-10,1.0724875818815331
2024-12-11,1.699631
2024-12-12,2.17719
2024-12-13,0.874827
2024-12-14,1.181173337979094
2024-12-15,1.314355
2024-12-16,0.59921
2024-12-17,2.143092
2024-12-18,1.0487445958188153
2024-12-19,0.830132
2024-12-20,1.0289956515679444
2024-12-21,1.1111267560975608
2024-12-22,1.044156
2024-12-23,0.881159
2024-12-24,1.1647135400696864
2024-12-25,0.808355
2024-12-26,1.1191934703832753
2024-12-27,0.588106
2024-12-28,1.1860103972125435
2024-12-29,0.466017
2024-12-30,1.079186536585366
2024-12-31,1.1312652926829267
2025-01-01,1.16934
2025-01-02,1.335522
2025-01-03,1.1062190034843205
2025-01-04,1.331139
2025-01-05,0.658505
2025-01-06,1.1360218432055749
2025-01-07,0.854836
2025-01-08,0.968336
2025-01-09,1.072139400696864
2025-01-10,2.554249
2025-01-11,1.1986833728222996
2025-01-12,1.1793493101045296
2025-01-13,1.0265976620209059
2025-01-14,1.984294
2025-01-15,1.0907748048780488
2025-01-16,1.1062089651567943
2025-01-17,1.111753069686411
2025-01-18,1.1840191916376308
2025-01-19,1.131889581881533
2025-01-20,1.0820601777003485
2025-01-21,1.0770563832752613
2025-01-22,1.119451
2025-01-23,1.383075
2025-01-24,1.0758645226480836
2025-01-25,1.337385
2025-01-26,1.2016423832752614
2025-01-27,1.226858
2025-01-28,1.056333393728223
2025-01-29,0.76892
2025-01-30,0.969266
2025-01-31,1.1331019651567944
2025-02-01,1.0896740243902439
2025-02-02,0.797786
2025-02-03,1.083375
2025-02-04,1.0539737038327526
2025-02-05,0.649479
2025-02-06,1.1320705679442509
2025-02-07,0.628892
2025-02-08,0.913562
2025-02-09,1.1713807351916377
2025-02-10,0.631409
2025-02-11,1.137401463414634
2025-02-12,0.68466
2025-02-13,1.1167757456445992
2025-02-14,1.0542965574912893
2025-02-15,0.904563
2025-02-16,1.283482
2025-02-17,1.980605
2025-02-18,1.081602975609756
2025-02-19,2.483845
2025-02-20,1.563584
2025-02-21,0.543774
2025-02-22,0.575406
2025-02-23,1.1555313031358885
2025-02-24,1.1046963484320558
2025-02-25,1.0158035888501744
2025-02-26,0.396593
2025-02-27,1.1071753519163763
2025-02-28,0.644635
2025-03-01,0.393969
2025-03-02,1.109774
2025-03-03,0.489713
2025-03-04,1.0635230243902438
2025-03-05,1.065139804878049
2025-03-06,1.0822531393728223
2025-03-07,1.0726264076655052
2025-03-08,0.880468
2025-03-09,1.0849756515679443
2025-03-10,3.657033
2025-03-11,1.036828968641115
2025-03-12,0.892185
2025-03-13,1.0652778466898953
2025-03-14,1.0849391602787457
2025-03-15,1.1896304111498257
2025-03-16,0.281328
2025-03-17,1.440479
2025-03-18,1.1311429930313588
2025-03-19,1.060461174216028
2025-03-20,1.137794700348432
2025-03-21,1.1564819233449477
2025-03-22,2.082033
2025-03-23,1.2971841602787457
2025-03-24,1.1570158048780488
2025-03-25,2.433717
2025-03-26,1.0999275017421604
2025-03-27,0.784862
2025-03-28,1.105607149825784
2025-03-29,1.1499978118466898
2025-03-30,0.79832
2025-03-31,1.1243595470383276
2025-04-01,1.49013
2025-04-02,0.872138
2025-04-03,1.059995
2025-04-04,1.0686583902439024
2025-04-05,1.54077
2025-04-06,1.135679432055749
2025-04-07,0.787287
2025-04-08,1.557495
2025-04-09,0.518126
2025-04-10,1.1019145052264807
2025-04-11,1.060333369337979
2025-04-12,1.1898762160278746
2025-04-13,1.2069279790940766
2025-04-14,1.1074040209059233
2025-04-15,0.838183
2025-04-16,1.1364659198606273
2025-04-17,1.513153
2025-04-18,1.2449862160278744
2025-04-19,1.133599337979094
2025-04-20,0.873587
2025-04-21,1.1678423240418119
2025-04-22,1.1067026027874565
2025-04-23,0.831358
2025-04-24,2.25279
2025-04-25,1.176964
2025-04-26,1.459767
2025-04-27,1.767983
2025-04-28,1.469437
2025-04-29,1.1706866515679444
2025-04-30,1.1477110243902438
2025-05-01,1.1334218710801394
2025-05-02,1.1463201219512196
2025-05-03,2.594854
2025-05-04,0.83118
2025-05-05,1.137905449477352
2025-05-06,1.886274
2025-05-07,1.116172
2025-05-08,1.078188275261324
2025-05-09,1.229419
2025-05-10,0.84349
2025-05-11,0.650344
2025-05-12,1.0755300522648084
2025-05-13,0.415492
2025-05-14,1.168123581881533
2025-05-15,1.1085808850174217
2025-05-16,1.0846817804878048
2025-05-17,1.003675
2025-05-18,0.663531
2025-05-19,1.811285
2025-05-20,1.1177549512195122
2025-05-21,2.453751
2025-05-22,1.1195254668989547
2025-05-23,1.0704188327526132
2025-05-24,1.095961331010453
2025-05-25,1.0733222195121952
2025-05-26,1.1123179790940767
2025-05-27,1.1003915261324042
2025-05-28,1.1548914146341465
2025-05-29,1.0855651637630663
2025-05-30,1.0523569965156794
2025-05-31,0.858924
2025-06-01,0.953878
2025-06-02,1.04544
2025-06-03,0.461575
2025-06-04,1.1852781393728222
2025-06-05,0.347464
2025-06-06,1.248795
2025-06-07,1.1355070905923346
2025-06-08,1.081047
2025-06-09,2.456286
2025-06-10,1.1321091289198606
2025-06-11,1.004845
2025-06-12,1.1764609721254355
2025-06-13,1.1455457073170732
2025-06-14,0.951576
2025-06-15,1.1669284216027875
2025-06-16,1.0993651916376306
2025-06-17,0.857541
2025-06-18,1.0963744216027875
2025-06-19,1.487852
2025-06-20,0.627065
2025-06-21,1.1556301045296167
2025-06-22,1.1193502613240418
2025-06-23,1.154433
2025-06-24,1.1392702822299652
2025-06-25,3.098213
2025-06-26,1.1157652125435542
2025-06-27,1.20402681184669
2025-06-28,1.101888
2025-06-29,1.2803
2025-06-30,1.1404120104529616
2025-07-01,1.721549
2025-07-02,1.126066
2025-07-03,2.429416
2025-07-04,1.2351528362369337
2025-07-05,1.4205243170731707
2025-07-06,1.803382
2025-07-07,1.138372567944251
2025-07-08,1.259461
2025-07-09,1.1744357630662021
2025-07-10,0.491522
2025-07-11,0.742182
2025-07-12,1.171856386759582
2025-07-13,1.2120541533101044
2025-07-14,1.1093723205574912
2025-07-15,1.1126413728222997
2025-07-16,1.1262255087108013
2025-07-17,1.1802
2025-07-18,0.496537
2025-07-19,1.1398170383275261
2025-07-20,1.1815148432055749
2025-07-21,1.2287793031358885
2025-07-22,0.613691
2025-07-23,1.1179607142857142
2025-07-24,1.1552660278745646
2025-07-25,1.0485640766550521
2025-07-26,1.47775
2025-07-27,1.2527715331010454
2025-07-28,1.0211357630662021
2025-07-29,0.769483
2025-07-30,0.84019
2025-07-31,0.83043
2025-08-01,1.086375055749129
2025-08-02,1.0737087700348433
2025-08-03,1.133219449477352
2025-08-04,1.0736905296167247
2025-08-05,0.500096
2025-08-06,1.0707433902439025
2025-08-07,1.2424397665505227
2025-08-08,1.152542756097561
2025-08-09,1.321941
2025-08-10,1.1656697421602786
2025-08-11,1.128266149825784
2025-08-12,1.1156497526132405
2025-08-13,0.758273
2025-08-14,1.0406466968641115
2025-08-15,1.1495767212543553
2025-08-16,1.492909
2025-08-17,0.153451
2025-08-18,0.781974
2025-08-19,1.727499
2025-08-20,1.340747
2025-08-21,1.1600408397212543
2025-08-22,1.149399581881533
2025-08-23,1.169511
2025-08-24,1.1693638222996516
2025-08-25,1.0716474703832752
2025-08-26,1.0722937386759583
2025-08-27,1.130038425087108
2025-08-28,1.1564137979094076
2025-08-29,1.1097872992957747
2025-08-30,1.2382811289198605
2025-08-31,2.702794
2025-09-01,0.564243
2025-09-02,1.100271038327526
2025-09-03,1.848057
2025-09-04,1.187611268292683
2025-09-05,1.62721
2025-09-06,1.327316400696864
2025-09-07,1.340802
2025-09-08,1.2697858954703833
2025-09-09,2.35286
2025-09-10,2.180568
2025-09-11,1.078629055749129
2025-09-12,0.962563
2025-09-13,1.716736
2025-09-14,2.389423
2025-09-15,0.753551
2025-09-16,1.1593915679442508
2025-09-17,1.486394
2025-09-18,0.66792
2025-09-19,1.121815668989547
2025-09-20,1.299328275261324
2025-09-21,3.237538
2025-09-22,1.0514618571428571
2025-09-23,1.14922
2025-09-24,1.1655304843205574
2025-09-25,1.053955411149826
2025-09-26,0.983322
2025-09-27,1.3145112160278747
2025-09-28,1.044114
2025-09-29,0.637463
2025-09-30,1.1384136097560977
2025-10-01,1.1008615609756098
2025-10-02,1.543264
2025-10-03,1.0882884425087107
2025-10-04,1.1598471916376307
2025-10-05,1.2284359337979094
2025-10-06,0.951106
2025-10-07,1.0999801149825785
2025-10-08,1.1951792055749129
2025-10-09,1.098215494773519
2025-10-10,1.074288850174216
2025-10-11,0.9195395853658538
2025-10-12,0.574015
2025-10-13,1.016037888501742
2025-10-14,1.348761
2025-10-15,1.07398418815331
2025-10-16,1.612518
2025-10-17,1.860858
2025-10-18,1.129057149825784
2025-10-19,1.1162853728222997
2025-10-20,1.512214
2025-10-21,1.1139254738675959
2025-10-22,1.1287392473867597
2025-10-23,2.156148
2025-10-24,1.283406
2025-10-25,0.972484
2025-10-26,1.1072776968641116
2025-10-27,1.389949
2025-10-28,1.1981248919860628
2025-10-29,1.1724688292682928
2025-10-30,1.473474
2025-10-31,1.688543
2025-11-01,1.1043123693379793
2025-11-02,0.835416
2025-11-03,1.0670582717770034
2025-11-04,1.0563840348432054
2025-11-05,1.617155
2025-11-06,1.0952039024390243
2025-11-07,0.823843
2025-11-08,1.0367779651567943
2025-11-09,0.945519
2025-11-10,0.728095
2025-11-11,1.0541104425087109
2025-11-12,1.0848422404181184
2025-11-13,1.0836828222996515
2025-11-14,1.0099758013937281
2025-11-15,1.178218229965157
2025-11-16,0.833766
2025-11-17,0.58419
2025-11-18,1.33128
2025-11-19,1.0788918919860628
2025-11-20,1.029388261324042
2025-11-21,0.549725
2025-11-22,1.093422519163763
2025-11-23,0.820978
2025-11-24,1.0101422648083622
2025-11-25,0.998245
2025-11-26,1.061273
2025-11-27,1.0173287003484321
2025-11-28,3.477433
2025-11-29,1.067547
2025-11-30,1.2287204285714286
2025-12-01,1.056770550522648
2025-12-02,1.0700145783972126
2025-12-03,0.984245
2025-12-04,1.1154632020905924
2025-12-05,0.409274
2025-12-06,1.254234
2025-12-07,1.19412
2025-12-08,1.0423056898954703
2025-12-09,1.0985065331010453
2025-12-10,1.0508688362369338
2025-12-11,1.0474223031358885
2025-12-12,1.0456698397212543
2025-12-13,1.1675584285714287
2025-12-14,0.664982
2025-12-15,1.0598064738675959
2025-12-16,1.479109
2025-12-17,1.334585
2025-12-18,1.0723123658536584
2025-12-19,0.978236
2025-12-20,0.65749
2025-12-21,1.126429637630662
2025-12-22,1.016367
2025-12-23,1.1603435714285713
2025-12-24,0.705449
2025-12-25,0.699374
2025-12-26,1.1265935365853659
2025-12-27,0.572666
2025-12-28,1.323667717770035
2025-12-29,1.090454944250871
2025-12-30,0.802384
2025-12-31,1.1885354146341465
2026-01-01,1.046953
2026-01-02,1.1033385888501743
2026-01-03,0.891086
2026-01-04,0.813468
2026-01-05,1.0785898292682927
2026-01-06,1.133116536585366
2026-01-07,0.829894
2026-01-08,1.204618
2026-01-09,2.285183
2026-01-10,1.238565
2026-01-11,0.276907
2026-01-12,1.0948009094076654
2026-01-13,1.2248512578397213
2026-01-14,1.494223
2026-01-15,1.163909400696864
2026-01-16,1.0620862229965156
2026-01-17,1.3184967665505227
2026-01-18,1.5034284459930314
2026-01-19,0.898617
2026-01-20,2.137915
2026-01-21,1.1422763379790941
2026-01-22,1.1871915540069686
2026-01-23,1.055912818815331
2026-01-24,2.104214
2026-01-25,0.397177
2026-01-26,1.047662205574913
2026-01-27,0.498597
2026-01-28,1.0447637351916377
2026-01-29,1.1565937386759582
2026-01-30,1.1019293484320556
2026-01-31,0.716868
2026-02-01,1.0744925644599304
2026-02-02,1.0686909547038328
2026-02-03,0.672337
2026-02-04,0.968188
2026-02-05,0.765273
2026-02-06,0.392871
2026-02-07,0.462068
2026-02-08,0.938923
2026-02-09,1.066436101045296
2026-02-10,0.792274
2026-02-11,1.0647190801393727
2026-02-12,1.0692433902439025
2026-02-13,0.768702
2026-02-14,1.2411817456445993
2026-02-15,1.1355315609756098
2026-02-16,1.1253422926829268
2026-02-17,1.0627660487804877
2026-02-18,1.1155335783972127
2026-02-19,1.1269957770034844
2026-02-20,1.1264518606271776
2026-02-21,1.009564
2026-02-22,1.018542
2026-02-23,1.138921
2026-02-24,1.771378
2026-02-25,1.1214891637630662
2026-02-26,1.183059
2026-02-27,1.1099811951219511
2026-02-28,1.088962606271777
2026-03-01,1.126315101045296
2026-03-02,1.0795888153310105
2026-03-03,1.1156522473867596
2026-03-04,1.087022
2026-03-05,1.670956
2026-03-06,1.0891482404181185
2026-03-07,1.1163421149825785
2026-03-08,1.133803369337979
2026-03-09,0.992027
2026-03-10,1.120734968641115
2026-03-11,1.123722850174216
2026-03-12,1.0997980174216027
2026-03-13,1.148794850174216
2026-03-14,1.117679
2026-03-15,1.1352005121951219
2026-03-16,1.1588287351916375
2026-03-17,1.1157983519163763
2026-03-18,0.919864
2026-03-19,1.0558612648083623
2026-03-20,0.822954
2026-03-21,1.1476127735191637
2026-03-22,0.730617
2026-03-23,1.1052787526132406
2026-03-24,1.0971849268292682
2026-03-25,1.1076328257839723
2026-03-26,1.052061
2026-03-27,1.0658503170731708
2026-03-28,2.173514
2026-03-29,1.672465
2026-03-30,0.976392
2026-03-31,1.076828362369338
2026-04-01,0.574327
2026-04-02,1.544777
2026-04-03,1.2140778327526132
2026-04-04,1.2014989930313589
2026-04-05,1.2158450209059233
2026-04-06,1.082827644599303
2026-04-07,0.997208
2026-04-08,0.861834
2026-04-09,1.117280801393728
2026-04-10,1.116577
2026-04-11,1.2877481986062718
2026-04-12,1.1661548083623692
2026-04-13,1.660851
2026-04-14,0.450566
2026-04-15,2.379899
2026-04-16,1.1531663728222996
2026-04-17,1.1815816202090592
2026-04-18,0.778829
2026-04-19,1.2284595470383275
2026-04-20,1.1255703763066203
2026-04-21,1.046691
2026-04-22,1.197357212543554
2026-04-23,0.730729
2026-04-24,2.676815
2026-04-25,0.578963
2026-04-26,1.1596943170731706
2026-04-27,1.0565371742160279
2026-04-28,1.177107
2026-04-29,0.894999
2026-04-30,1.207460606271777
2026-05-01,0.807222
2026-05-02,1.2953359094076655
2026-05-03,0.840378
2026-05-04,1.1110598292682927
2026-05-05,1.540873
