date,sum_open_interest,sum_open_interest_value
2020-09-01,39934.278874999996,474219842.1132188
2020-09-02,37611.97112847222,435737435.81761193
2020-09-03,35895.57838888888,396603873.82327056
2020-09-04,31990.109822916667,332112459.3301515
2020-09-05,32901.93084027778,337708784.2639366
2020-09-06,33055.745350694444,337191266.1080592
2020-09-07,34897.42679861111,354502340.37529546
2020-09-08,36148.83557638889,366711543.19507134
2020-09-09,35257.43553125,359052420.20921254
2020-09-10,34740.113350694446,358977337.4316755
2020-09-11,34959.84455902778,360049563.1321385
2020-09-12,34023.41012847223,352781908.58276886
2020-09-13,34165.777017361106,354959518.77508
2020-09-14,34143.08663888889,358536996.4288676
2020-09-15,34314.12264930556,369401128.54371625
2020-09-16,36101.876378472225,393089651.21033585
2020-09-17,35036.83472916667,381387057.07274014
2020-09-18,34644.758291666665,378237740.68761927
2020-09-19,35421.16388194445,389792737.84020925
2020-09-20,35599.672315972224,388393158.7729423
2020-09-21,36898.99557291667,393850671.5978065
2020-09-22,38633.20534375,404292738.0589454
2020-09-23,39124.37692361111,407912974.6094105
2020-09-24,39517.052350694445,412236276.42627543
2020-09-25,36678.541229166665,391164251.4653608
2020-09-26,37560.65000347222,402236247.287511
2020-09-27,37369.04118661972,400321559.85976493
2020-09-28,36182.43107638889,393471680.2946452
2020-09-29,34556.06323263889,370697123.2708654
2020-09-30,35640.90114583333,382778225.12137705
2020-10-01,35938.46701388889,386402119.28434026
2020-10-02,37286.07138888889,392268060.55084115
2020-10-03,37466.03461805556,394917411.1683868
2020-10-04,37379.99947222222,396076540.00039643
2020-10-05,38292.237802083335,409559551.5523422
2020-10-06,39622.25371875,423748253.4826685
2020-10-07,37817.831569444446,401330069.697313
2020-10-08,38732.83112152778,415487243.3874721
2020-10-09,38768.03195486111,425444452.66845167
2020-10-10,38428.10907986111,435390127.1602016
2020-10-11,38934.002868055555,442285168.52778304
2020-10-12,39101.18957986111,447373657.82033765
2020-10-13,37095.149284722225,424622666.7696452
2020-10-14,37147.427701388886,423396468.29072577
2020-10-15,36603.22033333333,417508622.07710636
2020-10-16,38004.24234027778,431619233.1261619
2020-10-17,37590.207954861115,426148867.2429383
2020-10-18,37408.01354166667,427223691.3385637
2020-10-19,39481.51064583333,457065835.71260047
2020-10-20,43190.79869444444,511159569.45304173
2020-10-21,46548.720347222225,578858358.1417565
2020-10-22,45585.25341726618,589235967.1372716
2020-10-23,47295.512493055554,611242192.0966856
2020-10-24,48158.96281597222,626814298.1003051
2020-10-25,45437.52766666667,592698688.3993886
2020-10-26,45763.08157291667,597425951.8509468
2020-10-27,47410.65303472222,633271589.8231763
2020-10-28,44999.145,605002397.3825583
2020-10-29,44729.77219444444,595630042.6004622
2020-10-30,45775.90307291667,614124717.3584608
2020-10-31,48087.51520833334,659893417.4182447
2020-11-01,49651.71378125,682740649.236734
2020-11-02,48844.456715277774,663312399.8387451
2020-11-03,47401.20285069445,644479314.0501941
2020-11-04,49170.64667361111,682522248.4358765
2020-11-05,50560.27411805556,743127329.7652926
2020-11-06,44226.36577777778,688810986.6209553
2020-11-07,42856.05109375,657692114.7294284
2020-11-08,40335.23221180556,612588859.7958701
2020-11-09,41035.09801041667,630574531.3143961
2020-11-10,39677.317510416666,607367609.6972724
2020-11-11,41387.68577430556,644919343.7704234
2020-11-12,42422.54442361111,674872057.5766063
2020-11-13,43501.69712152777,707917206.7414364
2020-11-14,42544.49993402778,681187222.0971408
2020-11-15,42286.03194584837,675782197.0525435
2020-11-16,43539.97389583333,712298167.0451953
2020-11-17,43059.51531944444,734869460.9290543
2020-11-18,40959.341697916665,732416289.2203966
2020-11-19,40471.400972222225,722156551.45404
2020-11-20,40626.69642013889,744680591.6626558
2020-11-21,40658.98869285714,760739682.0837383
2020-11-22,43143.98189236111,795622916.8682982
2020-11-23,41936.1980625,774021437.9449148
2020-11-24,42741.91009722222,807240130.0369
2020-11-25,43703.52257291667,833072294.5702237
2020-11-26,37947.75722569445,662615201.00277
2020-11-27,35120.538138888885,596521480.6424584
2020-11-28,35279.38047916666,610453645.1392263
2020-11-29,35795.2215,643548103.5593508
2020-11-30,37257.124559027776,704949588.3003416
2020-12-01,37543.97222916667,724122649.0329947
2020-12-02,35296.90780208333,668859295.9651139
2020-12-03,37518.748090277775,723288021.4343965
2020-12-04,38565.96338888889,737136153.7909786
2020-12-05,38462.317197916665,730413155.3030305
2020-12-06,39011.96509027778,746823221.0769826
2020-12-07,39869.15423611111,765499529.2781072
2020-12-08,40512.398753472226,767254771.3990469
2020-12-09,39467.28610416667,720861301.0046313
2020-12-10,39040.07608680556,714604055.0297443
2020-12-11,39808.391361111106,713955940.7900817
2020-12-12,39232.14157986111,724193187.1781583
2020-12-13,40099.79481944445,766434388.831182
2020-12-14,39806.764388888885,762843082.9624228
2020-12-15,41950.943381944446,811718645.969143
2020-12-16,42813.15905555556,858923235.0515721
2020-12-17,38876.819736111116,878245085.2373031
2020-12-18,37367.13491666667,855242666.0262666
2020-12-19,38962.19648611111,910527540.683074
2020-12-20,39467.593263888884,931714201.2183958
2020-12-21,37663.97896180555,876762567.5343632
2020-12-22,37742.10055902778,872362271.2189425
2020-12-23,35283.91761111111,831349445.0759374
2020-12-24,32374.13923263889,752339354.3049096
2020-12-25,36136.802930555554,869005378.8318592
2020-12-26,36517.050368055556,923283443.25738
2020-12-27,33745.67129513889,914312034.322284
2020-12-28,32553.24406597222,879512926.431108
2020-12-29,34366.01751041666,918389704.0861685
2020-12-30,35531.35313541666,1001133717.7126113
2020-12-31,35338.1945625,1020744393.8270122
2021-01-01,36898.91409027777,1078734155.8812025
2021-01-02,37398.15435069444,1149104824.876623
2021-01-03,34635.83878819444,1160010340.2673564
2021-01-04,31354.432649305556,1001195130.8773305
2021-01-05,28911.858038194445,933409020.5397121
2021-01-06,29112.599309027777,1014361274.2810663
2021-01-07,28991.400354166668,1103707756.2939956
2021-01-08,28885.319986111113,1149969226.530801
2021-01-09,29803.272104166666,1204265141.737544
2021-01-10,30800.150270833336,1223290524.2668328
2021-01-11,27582.309270833335,948839706.7185158
2021-01-12,25857.70636111111,901824770.756616
2021-01-13,26151.863274305553,909473642.6784476
2021-01-14,28107.03173611111,1083053126.1729538
2021-01-15,28800.686076388887,1080139656.4737263
2021-01-16,27914.330465277777,1029255903.1318116
2021-01-17,27487.637555555557,980617025.7418526
2021-01-18,28162.60598263889,1016334230.048793
2021-01-19,28888.40609722222,1065932510.5341029
2021-01-20,29949.159937269374,1051047784.5403224
2021-01-21,31893.837927083336,1051756744.7327344
2021-01-22,28111.91507638889,894828416.457279
2021-01-23,26661.86515625,862246950.676753
2021-01-24,27218.725673611112,876937391.8130538
2021-01-25,28774.22571527778,961014292.0053179
2021-01-26,27728.995972222223,886691965.3274126
2021-01-27,29480.125072916664,916410036.6089478
2021-01-28,29982.88443402778,952155310.1545775
2021-01-29,31970.86968402778,1120532227.315706
2021-01-30,29692.45026041667,1011658988.2427886
2021-01-31,31280.13962847222,1046011688.8899384
2021-02-01,30885.926395833332,1041583403.2066731
2021-02-02,30512.802475694443,1060174777.8065553
2021-02-03,29742.71742013889,1087379789.410375
2021-02-04,29868.10139236111,1121123354.3686187
2021-02-05,30340.047756272397,1142296415.146265
2021-02-06,32788.563444444444,1306867806.2834673
2021-02-07,32846.75760278745,1271876535.313835
2021-02-08,33286.0855,1376319943.2495415
2021-02-09,35018.75814236111,1636170820.0467882
2021-02-10,33890.248526132404,1553926425.6989284
2021-02-11,34473.8947826087,1597372903.6653664
2021-02-12,35877.931333333334,1708893246.2719438
2021-02-13,34443.18019097222,1628976742.5240867
2021-02-14,36816.683618055555,1791667796.6705933
2021-02-15,34702.84939649123,1662109081.40993
2021-02-16,35356.737351916374,1729963209.9687238
2021-02-17,37558.05865277778,1915943617.4921026
2021-02-18,36940.31350522648,1920278181.473902
2021-02-19,35308.06993119266,1861578789.826091
2021-02-20,34439.386334558825,1940494017.3104305
2021-02-21,33558.525725694446,1916155911.669013
2021-02-22,31987.775593749997,1752367691.1833885
2021-02-23,28211.009659722222,1385006786.7005644
2021-02-24,26982.828160278747,1343807361.061062
2021-02-25,28441.374159722225,1421761894.3480532
2021-02-26,27853.00625,1299926709.9130263
2021-02-27,27909.93017013889,1316235380.6081526
2021-02-28,29345.576923344946,1313746443.6059458
2021-03-01,28894.905322916668,1374790857.981477
2021-03-02,28997.87103125,1409544716.0460744
2021-03-03,29803.66431944444,1503617912.237169
2021-03-04,29656.04556597222,1464962817.0174215
2021-03-05,29967.045101045296,1429770030.8703604
2021-03-06,29502.112972222225,1426766723.3855836
2021-03-07,29874.638312500003,1500675650.6471853
2021-03-08,30610.24065625,1555301871.781933
2021-03-09,32655.275815972225,1763269579.3572268
2021-03-10,32550.31456794425,1803934220.1178787
2021-03-11,32873.10904513889,1852932906.045702
2021-03-12,33496.41387456446,1905433807.3714283
2021-03-13,35032.67329861111,2065092855.6800961
2021-03-14,36510.01283508772,2210538633.1296577
2021-03-15,34714.39929166666,2000414695.1422822
2021-03-16,34095.60682291667,1888130961.3886716
2021-03-17,33421.164399305555,1875884674.9007635
2021-03-18,33193.53372222222,1942558655.491595
2021-03-19,32347.482197916666,1886571528.276021
2021-03-20,32487.917302083333,1911067599.5818682
2021-03-21,32917.45302083334,1886669496.3131914
2021-03-22,33436.3395625,1900274733.0364122
2021-03-23,33714.28761111111,1845555205.1537461
2021-03-24,33683.13483623694,1858520963.7013326
2021-03-25,34014.197982638885,1773411878.606734
2021-03-26,33588.361750000004,1786966225.79922
2021-03-27,32821.88161458333,1810838726.876062
2021-03-28,32092.902315972224,1792015587.668345
2021-03-29,33413.965788194444,1904036594.749652
2021-03-30,33721.77533680556,1970352307.5725222
2021-03-31,34495.7570625,2027082371.0801616
2021-04-01,34148.15335069444,2012780031.3923602
2021-04-02,34620.93848611111,2054967348.2488632
2021-04-03,34960.45765625,2063158343.1846318
2021-04-04,34379.02200347222,1985318853.2182112
2021-04-05,34057.47904513889,1980240054.9176457
2021-04-06,33659.36806597222,1970089273.011823
2021-04-07,34454.32134722223,1964490711.4651766
2021-04-08,34613.02153819444,1980334493.7001894
2021-04-09,32678.23982291667,1903611144.156241
2021-04-10,34499.42697222222,2070319466.233442
2021-04-11,34096.695857638886,2042507449.3280263
2021-04-12,35345.61542013889,2128102139.622224
2021-04-13,38234.33571527778,2382147423.133956
2021-04-14,37877.81252083333,2405789767.963076
2021-04-15,36536.58385763889,2300789554.535757
2021-04-16,36765.67763194445,2270093613.9310613
2021-04-17,34918.422524305555,2141407567.6308146
2021-04-18,30381.85090940766,1703434367.0621173
2021-04-19,27925.87366783217,1572810095.5561857
2021-04-20,28690.13563888889,1591496932.433325
2021-04-21,28170.613399305556,1560996602.9456024
2021-04-22,29404.334520833334,1581262567.2587576
2021-04-23,32909.60453125,1640767743.3822188
2021-04-24,33289.88986111111,1666360325.7258227
2021-04-25,33738.16004166667,1674629377.6332173
2021-04-26,30633.077604166665,1621681658.2610788
2021-04-27,28393.078007751938,1546953206.0502357
2021-04-28,28385.01025347222,1554179041.4465861
2021-04-29,29937.107565972223,1612325242.0946763
2021-04-30,31503.258958333332,1742091415.7382932
2021-05-01,32822.395805555556,1896431106.014638
2021-05-02,33388.63046180556,1899013792.852971
2021-05-03,33404.843461805554,1935322936.4493442
2021-05-04,33787.256253472224,1868671015.6844535
2021-05-05,32632.798444444445,1823246748.5717587
2021-05-06,32392.988072916665,1845840543.1414137
2021-05-07,32465.07267361111,1844453042.5927095
2021-05-08,32944.597482638885,1928463057.8437777
2021-05-09,32912.540385416665,1908629241.0457926
2021-05-10,34221.13820486111,1976721770.3117533
2021-05-11,33169.43898958333,1852394429.1230097
2021-05-12,33037.54433333333,1845779429.9613283
2021-05-13,32646.811625,1626153434.4307513
2021-05-14,33545.577388888894,1682917337.1450634
2021-05-15,34990.19325694445,1708465257.3163934
2021-05-16,36690.65402083333,1750292064.4429927
2021-05-17,40454.67500347222,1792106216.0142546
2021-05-18,41447.354885416666,1830468979.1524994
2021-05-19,35783.716677192984,1405094685.66068
2021-05-20,24962.571152777775,992982829.6963253
2021-05-21,25807.519226027398,1008314231.1289363
2021-05-22,26596.536288194446,997683888.2985047
2021-05-23,30135.410440140844,1053295311.3272645
2021-05-24,31410.046336805557,1160542951.8269408
2021-05-25,30943.03052430555,1176081753.8670943
2021-05-26,32556.017128472224,1276516337.7617965
2021-05-27,32797.690225694445,1271892070.403716
2021-05-28,34550.64925087108,1262666011.2009332
2021-05-29,37257.385472222224,1312119792.0313163
2021-05-30,37864.81058333334,1342746918.1702259
2021-05-31,38593.205149305555,1394888645.5945685
2021-06-01,37838.28927777778,1383639090.7376828
2021-06-02,39447.48236805556,1471022085.5017283
2021-06-03,42078.721611111105,1621952954.0646598
2021-06-04,42604.68394097222,1580118268.7991095
2021-06-05,42460.77874652777,1552845826.4452133
2021-06-06,44559.578708333334,1601807441.735156
2021-06-07,45245.60629166666,1622429121.8877592
2021-06-08,49116.584225694445,1613059537.870498
2021-06-09,50851.89480555555,1772771110.105253
2021-06-10,49559.211263888894,1832426148.725503
2021-06-11,47855.227288194445,1769324053.2010498
2021-06-12,48375.012416666665,1726717693.672452
2021-06-13,49922.73213541667,1815909782.1095176
2021-06-14,51472.73724652777,2040748755.6793125
2021-06-15,50682.17169444445,2037166943.8094754
2021-06-16,51442.59812152778,2027341457.6861382
2021-06-17,53575.23507638889,2067796636.1813648
2021-06-18,54336.861999999994,2009466713.7137365
2021-06-19,53213.08598611111,1901411224.0490713
2021-06-20,54990.48973958333,1926217078.2059488
2021-06-21,54040.36714236111,1790904257.4297988
2021-06-22,54073.75291269841,1723833186.1827116
2021-06-23,53816.22045454545,1814413762.025424
2021-06-24,54762.464025089605,1848308066.4280927
2021-06-25,55097.51629861111,1838894354.7818174
2021-06-26,54506.69216666667,1714264795.2508905
2021-06-27,56299.82864236111,1858795181.4210339
2021-06-28,57619.943649305555,1985096655.0919025
2021-06-29,57766.360072916665,2052964873.5328555
2021-06-30,56387.443440972216,1968627398.59358
2021-07-01,56707.3753125,1911325357.8674114
2021-07-02,57498.50010416666,1912950841.7434099
2021-07-03,60071.639104166665,2060050940.3898942
2021-07-04,60959.288107638895,2149464712.617976
2021-07-05,61879.055440972224,2108257800.4317715
2021-07-06,58959.380197916675,2012498284.3249757
2021-07-07,58037.594815972225,2004616221.737956
2021-07-08,62310.991468750006,2047854221.2594142
2021-07-09,64256.22769097222,2129951084.575387
2021-07-10,61451.32201388889,2070163830.7985492
2021-07-11,63119.484975694446,2132331640.1516914
2021-07-12,63103.631756944436,2126623816.854363
2021-07-13,62679.77718402778,2057729955.2426562
2021-07-14,63021.91738541666,2045540824.7325125
2021-07-15,62976.58014236111,2019412553.3492804
2021-07-16,65081.86618055556,2065164480.7516413
2021-07-17,64523.276364583326,2035007478.3899808
2021-07-18,66801.46479861111,2120900147.1324031
2021-07-19,68587.97314583333,2136266312.1389284
2021-07-20,70400.15002083333,2098849220.15191
2021-07-21,71641.74735069444,2232402227.774454
2021-07-22,69141.21280902778,2220129541.900698
2021-07-23,70240.93396180555,2279719700.7277107
2021-07-24,69055.26702083333,2336345937.7175655
2021-07-25,70718.71827430556,2428038456.793225
2021-07-26,55827.971788194445,2135970066.6130018
2021-07-27,55213.43364930556,2079247659.7763758
2021-07-28,57264.260006944445,2281647830.0059323
2021-07-29,58026.29637847222,2311698780.9569635
2021-07-30,57054.13682986111,2258395040.060418
2021-07-31,55623.383527777776,2315054274.115086
2021-08-01,53825.48204166666,2232462683.915083
2021-08-02,52297.807177083334,2070209011.492884
2021-08-03,55625.772156249994,2138795434.9785678
2021-08-04,57971.6835625,2243028765.2723083
2021-08-05,56991.324961805556,2244967702.5268164
2021-08-06,56316.749586805556,2328227347.19367
2021-08-07,54610.980329861115,2376685287.0748577
2021-08-08,55083.496555555554,2441230908.4472713
2021-08-09,56734.89012847222,2548491281.242522
2021-08-10,55882.01656597222,2548123467.0668583
2021-08-11,54918.66511805556,2530430636.985018
2021-08-12,57806.309309027776,2596570048.1521587
2021-08-13,56164.13047222222,2594001877.554797
2021-08-14,56399.83092361111,2656478213.0118856
2021-08-15,56328.03184722222,2614280228.4429083
2021-08-16,54947.16942361111,2577294525.120867
2021-08-17,56203.19732638889,2583798718.637484
2021-08-18,56705.471767361116,2559636388.1648717
2021-08-19,56662.205888888886,2560790306.3800983
2021-08-20,57322.34701736111,2739541421.462298
2021-08-21,58437.34708680555,2865472101.573771
2021-08-22,59218.77305555556,2895114169.6157513
2021-08-23,61341.15080555555,3060778616.8374357
2021-08-24,61984.196055749126,3032755196.263404
2021-08-25,61882.91542013889,2985883154.282939
2021-08-26,62039.421972222226,2937287725.0021996
2021-08-27,59871.10502083333,2856946640.2739906
2021-08-28,60507.47922916667,2958850747.460283
2021-08-29,58711.262899305555,2856173139.1056657
2021-08-30,60207.36536458334,2895489031.987714
2021-08-31,59843.80687847223,2832010873.572958
2021-09-01,61141.497,2916042242.648804
2021-09-02,62864.7311423611,3123759431.190691
2021-09-03,62299.37775694444,3110815743.168745
2021-09-04,59198.06767013889,2964532534.112778
2021-09-05,57913.39076736111,2917018291.3489685
2021-09-06,62828.92749477352,3253592467.473027
2021-09-07,55772.62387676056,2809518593.830977
2021-09-08,45584.04432638889,2109900100.6465917
2021-09-09,46199.36215625,2144641174.024988
2021-09-10,47674.675541958044,2189349943.586274
2021-09-11,47799.04169097222,2169104897.977276
2021-09-12,48342.26875347222,2206280634.535567
2021-09-13,49084.877881118875,2199243330.856722
2021-09-14,47695.13557986111,2196286503.4427395
2021-09-15,51000.503809027774,2425579667.3903728
2021-09-16,50850.16676388889,2434857964.403886
2021-09-17,50807.278427083336,2417033453.0382175
2021-09-18,52555.22033333333,2534854164.143616
2021-09-19,51928.7723379791,2478371374.408314
2021-09-20,49806.90166903915,2224709525.8287754
2021-09-21,46488.09374204947,1973732173.2738361
2021-09-22,45627.20236585366,1940503862.122041
2021-09-23,45582.22700694445,2007925378.0701752
2021-09-24,46885.29975438597,2020021540.8076978
2021-09-25,44825.64392682927,1907376558.0693111
2021-09-26,45162.812014084506,1931527954.8781247
2021-09-27,45433.992420138886,1975983872.4737794
2021-09-28,46350.57660416667,1942146032.4664679
2021-09-29,46450.63344097222,1941899433.7856874
2021-09-30,47085.94190972222,2036110641.6361783
2021-10-01,50785.66508710802,2338148035.9825745
2021-10-02,49840.15317073171,2382594088.798047
2021-10-03,49766.98459722222,2388397607.195813
2021-10-04,47773.47894791667,2299440194.040613
2021-10-05,50901.69224652778,2547810941.7706966
2021-10-06,51864.91440277777,2741380775.7020984
2021-10-07,51294.05480902778,2789544785.6206493
2021-10-08,51957.444986111106,2830569101.3498144
2021-10-09,51204.54949652778,2803637530.1683087
2021-10-10,52024.05189236111,2870680879.998705
2021-10-11,53617.75534722222,3041347850.583827
2021-10-12,54168.94813888889,3068565310.756624
2021-10-13,50725.759114583336,2841908321.970277
2021-10-14,50293.784107638894,2900404011.526581
2021-10-15,53326.01022222222,3196430809.5467978
2021-10-16,53556.29857291667,3284414938.152818
2021-10-17,54647.60217770035,3327760867.969856
2021-10-18,52879.24060416667,3269118809.6018314
2021-10-19,53318.34675694445,3347039123.7329082
2021-10-20,56066.148319444444,3644763462.8114896
2021-10-21,55901.21419860627,3601152243.6839323
2021-10-22,55367.016742160275,3445051152.0240498
2021-10-23,55658.418777777784,3402263492.32023
2021-10-24,56727.93598958333,3446172556.6054745
2021-10-25,55972.42481597222,3507036386.952308
2021-10-26,56102.61833680556,3499151033.455094
2021-10-27,56655.95178214286,3374188711.792471
2021-10-28,54856.20126573427,3304781696.4821663
2021-10-29,52184.28650347222,3215336857.2160916
2021-10-30,52420.68388339223,3231836016.9545407
2021-10-31,54125.99455594405,3308692146.641946
2021-11-01,54574.77990277778,3345644875.343678
2021-11-02,54457.290125,3407269144.3480344
2021-11-03,54616.92203472222,3433400883.7762165
2021-11-04,54591.89268402778,3376607132.8565345
2021-11-05,55520.60069097222,3416128369.905529
2021-11-06,57867.6128125,3528559986.6714892
2021-11-07,56035.4434375,3481302187.556235
2021-11-08,58903.30486458333,3877353868.4939675
2021-11-09,60289.74389583333,4073309901.847654
2021-11-10,60512.26616842105,4051757876.5728097
2021-11-11,55971.492249999996,3634801745.9993896
2021-11-12,57467.58395833333,3689250245.7140446
2021-11-13,58157.097291666665,3726130089.6920266
2021-11-14,58069.535180555555,3745260096.105398
2021-11-15,59901.388673611116,3900890479.8843045
2021-11-16,62089.00896797153,3776049682.364151
2021-11-17,61986.10101041667,3711928706.3421164
2021-11-18,61250.84538515901,3615348897.1879387
2021-11-19,60481.894149825785,3459303738.5149693
2021-11-20,58464.36643750001,3429663942.5089474
2021-11-21,56888.61989583333,3364148471.147192
2021-11-22,59212.84960627178,3395130439.3957653
2021-11-23,60653.52014930555,3452938505.1672955
2021-11-24,60883.332368055555,3456210429.531084
2021-11-25,60768.21261888112,3541051655.305715
2021-11-26,64778.222710144924,3603580433.0688095
2021-11-27,64729.0872369338,3537838931.78086
2021-11-28,63810.63943006993,3484708182.6261935
2021-11-29,61421.277090277785,3537265837.4102106
2021-11-30,60442.853845070415,3465975162.290589
2021-12-01,60756.63660069445,3487149530.4122014
2021-12-02,60557.16746180555,3432640692.156678
2021-12-03,61655.393628472215,3443242128.0405436
2021-12-04,47344.28890526316,2332082104.2215137
2021-12-05,40461.84592013889,1984356184.268978
2021-12-06,39758.095993055555,1938943950.4065123
2021-12-07,39199.182489583334,1997099677.1034002
2021-12-08,39731.03861111111,1996931154.550875
2021-12-09,40533.491822916665,1986528240.3628078
2021-12-10,41427.100420138886,1997699422.7887857
2021-12-11,39651.026902777776,1920927673.1216943
2021-12-12,42062.201677083336,2084645021.3807843
2021-12-13,43110.61459027778,2076595357.6766298
2021-12-14,43122.583079861106,2034014021.6146588
2021-12-15,43680.22170034843,2100973201.9764965
2021-12-16,46628.12189930556,2264723532.7438307
2021-12-17,49997.72283333333,2351880389.660578
2021-12-18,52219.036461805554,2432987280.88669
2021-12-19,55917.445138888885,2637526492.518469
2021-12-20,59759.154593750005,2773250864.714825
2021-12-21,67656.48514583333,3275342619.194364
2021-12-22,71713.19792013889,3510617804.2077794
2021-12-23,73712.71788541666,3616426895.8025265
2021-12-24,73406.35361672475,3745341020.900302
2021-12-25,73382.76501388889,3729395663.261683
2021-12-26,73904.58243055554,3704949081.992492
2021-12-27,73624.6868125,3759208389.108517
2021-12-28,73773.90846527778,3603905904.2965536
2021-12-29,74982.8300348432,3567128173.7654643
2021-12-30,72814.63888194444,3427884573.959703
2021-12-31,72905.32962020906,3446304547.58608
2022-01-01,74241.72103125001,3496934303.8755503
2022-01-02,73594.3105625,3476205329.1161623
2022-01-03,76140.95468402778,3563818871.4215794
2022-01-04,80234.27004861111,3724814155.847176
2022-01-05,81185.01432638889,3727110226.6461406
2022-01-06,79008.75976388888,3403966772.823059
2022-01-07,78374.90382291666,3291339003.922377
2022-01-08,76903.34267013888,3206450754.6973248
2022-01-09,77560.81077777778,3248852823.920624
2022-01-10,76924.64358680556,3199250634.9437995
2022-01-11,77167.23093055555,3254621661.2999897
2022-01-12,77994.47555555556,3366339584.862478
2022-01-13,77367.17452777777,3357893298.3266497
2022-01-14,76516.12394444444,3268479546.1271706
2022-01-15,75206.99630902777,3241869525.5389943
2022-01-16,74973.8565625,3228844708.413112
2022-01-17,75527.33587847222,3211064674.077114
2022-01-18,76218.59172222222,3194356232.733341
2022-01-19,75803.86884722223,3175841409.468442
2022-01-20,77625.92313888889,3276176585.213307
2022-01-21,75525.53459722223,2920458089.097916
2022-01-22,73053.27183333333,2591839301.4446034
2022-01-23,73784.07278125,2611930831.2366605
2022-01-24,74539.89217013889,2613703009.8717523
2022-01-25,75380.98028472223,2750112407.4443154
2022-01-26,77953.23956249999,2921300257.3910856
2022-01-27,73684.28105208333,2676854186.979459
2022-01-28,72413.62911805556,2681060397.4958386
2022-01-29,75700.23760416667,2861103228.4909763
2022-01-30,76652.94079166667,2907297497.844939
2022-01-31,79285.60362152777,2976767563.844792
2022-02-01,80902.3940625,3117458259.611175
2022-02-02,78744.04905902778,2993894387.391946
2022-02-03,78737.03257986112,2895849588.216596
2022-02-04,81031.55417361112,3132519782.5899515
2022-02-05,80982.84623958333,3360519155.0758195
2022-02-06,81362.2434236111,3382594102.7322407
2022-02-07,79237.18002083333,3412511397.5891857
2022-02-08,75997.42031944444,3331303863.2283506
2022-02-09,73407.42921875,3222568153.2635255
2022-02-10,74824.64503819445,3315265867.0864296
2022-02-11,72186.01275347223,3114698983.4720654
2022-02-12,73721.42514930555,3119422911.85073
2022-02-13,73051.09614930555,3091161974.634971
2022-02-14,74153.51165625,3130243852.03897
2022-02-15,76561.89838541666,3358128592.859702
2022-02-16,76355.18096180556,3357636386.403326
2022-02-17,75980.46628819445,3238115439.1515102
2022-02-18,75349.80568055555,3042577847.287942
2022-02-19,76021.90421180555,3043854136.319234
2022-02-20,77310.81979861112,2994047247.6586747
2022-02-21,74687.66766319444,2873011024.4825306
2022-02-22,75233.60844791666,2812728500.085249
2022-02-23,74680.87853472221,2851882602.127123
2022-02-24,73489.90667013888,2650421474.450198
2022-02-25,68667.16347569444,2664306695.3160725
2022-02-26,68975.63059722222,2703338914.505201
2022-02-27,68105.46961458334,2634391003.1470213
2022-02-28,69986.26573958334,2758545338.628776
2022-03-01,72068.47101736111,3143775933.862955
2022-03-02,72814.02214930556,3206368225.812559
2022-03-03,75072.21079861111,3236050147.7490516
2022-03-04,76546.33076041666,3133299296.4205823
2022-03-05,76708.44516666667,3001847203.6476226
2022-03-06,75634.70829513889,2949876558.479294
2022-03-07,48794.25432291666,1866446193.6925585
2022-03-08,68114.34733680556,2632326011.6106606
2022-03-09,73289.7872986111,3044370455.1164913
2022-03-10,72129.1981875,2856811218.530695
2022-03-11,71198.89548611111,2772654485.3957396
2022-03-12,72115.66446527778,2818495364.9562173
2022-03-13,74769.91962152778,2906498084.869265
2022-03-14,76838.12959027778,2974172508.559822
2022-03-15,74473.935625,2904266488.1499033
2022-03-16,74195.02444791667,2983918820.6751046
2022-03-17,75355.95079861111,3080906212.691675
2022-03-18,75283.18376736112,3081791631.208409
2022-03-19,77051.63950347222,3223191034.484584
2022-03-20,77511.40954166667,3225651745.1102676
2022-03-21,75661.58630208333,3107676728.8638773
2022-03-22,76934.32380902777,3265112310.4708543
2022-03-23,74802.41820833333,3158588857.541454
2022-03-24,77500.03826736112,3357437546.190462
2022-03-25,81319.91716319445,3598823587.7676635
2022-03-26,80930.79016666667,3590324824.1064363
2022-03-27,82063.26291666666,3686153671.259511
2022-03-28,79292.06878125,3749920028.15741
2022-03-29,78038.14553124999,3709083274.7298074
2022-03-30,77923.08759027778,3680088236.9833775
2022-03-31,76239.8512361111,3556994023.690943
2022-04-01,76242.19200694445,3469191854.291786
2022-04-02,73199.86876041668,3398818623.411939
2022-04-03,72797.34398958333,3370886122.709909
2022-04-04,75055.79178819444,3454713677.9469843
2022-04-05,76265.08472222222,3532436608.419462
2022-04-06,79587.0393125,3548226482.765928
2022-04-07,82077.74966319445,3565037772.4787474
2022-04-08,82649.07369444444,3576517536.8290963
2022-04-09,83707.90880555556,3552267073.515995
2022-04-10,84724.67951041667,3620055932.4524584
2022-04-11,87028.06486805556,3584830636.142336
2022-04-12,85099.91454513889,3396489223.039558
2022-04-13,83401.49202777777,3372588298.4084263
2022-04-14,82166.95770833333,3341365791.9904423
2022-04-15,83790.96172916667,3368717400.900955
2022-04-16,82277.04186111112,3321180590.175363
2022-04-17,82649.46947916667,3329258261.3759894
2022-04-18,84933.92320486112,3364850366.4545307
2022-04-19,80126.10664930556,3287452330.528446
2022-04-20,81404.72889583332,3373027714.742026
2022-04-21,82263.37809027778,3428525138.9015512
2022-04-22,84226.49779166667,3378220709.316485
2022-04-23,86678.17491319444,3436366327.7183285
2022-04-24,87028.07107986111,3446598875.6668
2022-04-25,86372.68765277778,3385395236.890171
2022-04-26,84384.39263541666,3343836195.983189
2022-04-27,86563.78791666667,3357343852.0741754
2022-04-28,82229.96588888888,3255827248.9074926
2022-04-29,80884.11507291667,3159891069.382704
2022-04-30,84417.28808333333,3248172369.9214215
2022-05-01,85190.57702777778,3240827690.2337213
2022-05-02,81354.60789583334,3145670783.005839
2022-05-03,85377.83131944445,3265009839.8264422
2022-05-04,86868.88685069444,3369199262.252688
2022-05-05,87098.99252430555,3342567878.135425
2022-05-06,90477.83548958333,3269796702.7200203
2022-05-07,91579.37598958334,3282742056.347813
2022-05-08,92544.82895138889,3197132926.7502575
2022-05-09,91289.58823958333,2983266161.319486
2022-05-10,84209.67815277778,2637565009.8590307
2022-05-11,80562.92123958335,2464571383.372389
2022-05-12,75375.70328125001,2152596684.4111385
2022-05-13,76055.08009722222,2294403267.4087086
2022-05-14,73954.93508680555,2173661854.9975367
2022-05-15,73735.45516666667,2220757803.0370603
2022-05-16,75876.50053472222,2274034121.96518
2022-05-17,76890.63692708332,2327893323.8875213
2022-05-18,76899.70948611111,2275438391.668416
2022-05-19,81444.98830902779,2408468277.2307835
2022-05-20,85049.98229166666,2536232440.3847938
2022-05-21,81647.75503472221,2395029435.429118
2022-05-22,83110.62545138889,2476719926.0422153
2022-05-23,86076.02782986111,2590958611.4154687
2022-05-24,85819.81285416667,2514707814.5290365
2022-05-25,82120.82987847221,2443371022.857878
2022-05-26,83537.88683333334,2459389636.8873506
2022-05-27,82863.73159375001,2393782490.638505
2022-05-28,82450.67102083334,2381375763.968343
2022-05-29,84830.91716319445,2471920191.108201
2022-05-30,90569.64405555556,2772208043.9223413
2022-05-31,89289.17492708334,2831098686.522519
2022-06-01,87675.40993055556,2725213915.473527
2022-06-02,84709.68255902777,2544532848.1831317
2022-06-03,85182.53568055556,2553695456.0053115
2022-06-04,83686.98867708334,2484630439.925459
2022-06-05,82855.54687152778,2469631319.3809657
2022-06-06,90287.57041319444,2821983100.087943
2022-06-07,85796.94887847222,2574363788.3694363
2022-06-08,81906.3448888889,2495435010.3040514
2022-06-09,82538.28398611111,2496300189.906417
2022-06-10,85485.98610416666,2533489458.180172
2022-06-11,89580.93415625,2585371758.2529674
2022-06-12,87818.44599652778,2426885144.5480814
2022-06-13,83231.52819097223,2018497733.3743315
2022-06-14,83968.79645833332,1862650889.0035336
2022-06-15,86356.78303819445,1843852719.9856887
2022-06-16,87281.65245138889,1870243780.4803267
2022-06-17,91075.29610763889,1884771569.7100039
2022-06-18,94762.28054513888,1833108613.2342505
2022-06-19,94660.98913194444,1826142195.2299278
2022-06-20,93036.80501041666,1890058554.219034
2022-06-21,96213.02786458333,2021651991.0382237
2022-06-22,94732.94690277778,1924103815.8572798
2022-06-23,95256.20317708334,1955634852.7903414
2022-06-24,97320.14259027777,2052903368.536263
2022-06-25,98962.53947569444,2104285712.633695
2022-06-26,99942.39142708333,2135267364.017976
2022-06-27,97757.19875694445,2057539008.5150843
2022-06-28,99643.53608680556,2063255819.1997766
2022-06-29,101429.12330208333,2043439582.183185
2022-06-30,100156.16720138889,1937429209.3910704
2022-07-01,91707.15251736112,1792031585.8494883
2022-07-02,92833.30652430555,1785647572.4901748
2022-07-03,94115.881375,1804175727.7897432
2022-07-04,99754.86155208334,1948096988.728567
2022-07-05,101264.64371527778,2025775960.0824246
2022-07-06,101437.62162152777,2047571355.1051822
2022-07-07,109008.68596875,2267557648.401564
2022-07-08,110018.82959722221,2394470488.5168185
2022-07-09,109936.99318055555,2376651037.4950714
2022-07-10,108880.57934722221,2301575564.097473
2022-07-11,104800.66638194445,2145552314.0147388
2022-07-12,108333.68576388889,2140826675.9019117
2022-07-13,108364.90719097223,2125299776.756236
2022-07-14,108055.44704166666,2180662798.1255064
2022-07-15,112092.07149305556,2329784654.343931
2022-07-16,112852.21068402778,2354962243.852559
2022-07-17,114525.25667013889,2429902761.1799903
2022-07-18,116183.66505902779,2536886073.2967234
2022-07-19,113658.56800694444,2563702691.4001384
2022-07-20,117510.59835763888,2769030128.3697233
2022-07-21,114360.17956944444,2622033664.300956
2022-07-22,115714.20213541666,2676723902.113245
2022-07-23,119870.81659027778,2696963110.9641957
2022-07-24,116032.86590972223,2626688156.1092634
2022-07-25,113751.61991319444,2495766634.4896693
2022-07-26,111181.49247222222,2336991521.1472883
2022-07-27,112257.52538194443,2429773943.438626
2022-07-28,112732.9936076389,2627476346.10684
2022-07-29,115050.99627777777,2746791732.7694054
2022-07-30,117715.39818402778,2829156729.864475
2022-07-31,115752.13166666667,2745193243.7368374
2022-08-01,115793.49003819445,2687491434.5407925
2022-08-02,112336.20260763889,2579012781.0213413
2022-08-03,116578.13747222222,2700914972.3327312
2022-08-04,112990.96718055556,2580471942.405994
2022-08-05,110943.26998958334,2558169121.550354
2022-08-06,110016.21977083333,2549914533.8770123
2022-08-07,110684.34497222221,2552929276.677405
2022-08-08,119040.80252777778,2832666228.745627
2022-08-09,116070.41348263889,2719164562.938122
2022-08-10,113851.18686111111,2663102723.6203136
2022-08-11,118897.56236111111,2896259232.9552364
2022-08-12,116360.37986805555,2788664232.762818
2022-08-13,120470.19042013888,2953457326.869751
2022-08-14,118688.22627777777,2907224451.144366
2022-08-15,111853.37802777778,2713073884.703291
2022-08-16,109130.53997222222,2614395739.4654737
2022-08-17,112757.69765972222,2670242126.3049636
2022-08-18,117180.94172569444,2743016886.438395
2022-08-19,111953.2322673611,2446563594.5603127
2022-08-20,110563.16991319443,2339654793.8515496
2022-08-21,110403.79959027778,2358185020.424392
2022-08-22,109284.17120138889,2323023543.343237
2022-08-23,109576.06439583334,2342943806.6844044
2022-08-24,111934.89120833334,2402452116.3148475
2022-08-25,111940.57429861111,2416788600.777479
2022-08-26,114930.80438541666,2429886004.4052734
2022-08-27,118490.09335416666,2382645519.707964
2022-08-28,119261.85575347223,2383104662.888298
2022-08-29,120878.37219444446,2413517382.9393463
2022-08-30,121046.08654513888,2436108598.9263787
2022-08-31,114802.89253819444,2318450884.8570437
2022-09-01,117008.3245,2335420569.1578503
2022-09-02,117470.47336111112,2358953551.7710767
2022-09-03,122051.58978125,2420318884.77259
2022-09-04,128357.57444444444,2540432689.901288
2022-09-05,127461.37573958334,2521282327.014873
2022-09-06,128461.39437847222,2515923929.6205716
2022-09-07,132311.53636458333,2498978344.173352
2022-09-08,121325.85269444443,2335314833.4494157
2022-09-09,132783.88393055554,2755390559.2053103
2022-09-10,138684.9570659722,2964549514.5967345
2022-09-11,139520.62744444446,3013172349.3348484
2022-09-12,142695.19533333334,3156534728.1551914
2022-09-13,137489.74244444445,2966784179.4657397
2022-09-14,120513.48212152779,2435805382.8784695
2022-09-15,117752.11801041669,2352335412.936781
2022-09-16,120349.38040277778,2370652700.518559
2022-09-17,124022.44859027777,2472892553.9849243
2022-09-18,125113.75215277777,2484015568.6580567
2022-09-19,119249.93626041667,2264484616.3337994
2022-09-20,117125.5310138889,2245523266.7740498
2022-09-21,116927.31994444445,2222051553.720716
2022-09-22,118764.66581944443,2253216003.4860034
2022-09-23,124101.23453819443,2364052985.774954
2022-09-24,120866.11783680556,2304760687.9033756
2022-09-25,120417.47845486112,2284770591.901344
2022-09-26,124900.6010451389,2374191039.1479616
2022-09-27,137743.00938541666,2720483830.173615
2022-09-28,130550.23443055556,2495214372.692644
2022-09-29,130600.35668055556,2532062153.5278745
2022-09-30,135223.3907951389,2640150351.7718267
2022-10-01,126195.99079166666,2437952321.1225677
2022-10-02,127383.72840625001,2448449396.8918786
2022-10-03,129538.09219444444,2501401871.862388
2022-10-04,152456.5907708333,3040861661.653514
2022-10-05,163391.0591215278,3286911435.7469196
2022-10-06,161556.2232673611,3254502814.23563
2022-10-07,153014.93684027778,3024079635.5545464
2022-10-08,145302.5010173611,2830680785.929634
2022-10-09,145985.29763194444,2836993628.576078
2022-10-10,149585.46976041666,2889716500.233673
2022-10-11,154783.19228472223,2950810025.224338
2022-10-12,155379.6232847222,2969454760.019379
2022-10-13,153551.46683333334,2920443546.4655313
2022-10-14,152340.11412847223,2972471764.267814
2022-10-15,148507.29323263888,2841272989.37092
2022-10-16,147769.6242638889,2830566457.568228
2022-10-17,150081.73176041667,2910809155.8967457
2022-10-18,158603.53454166665,3087775840.2184553
2022-10-19,154293.64549652778,2963596680.355633
2022-10-20,153360.98853124998,2931164049.537496
2022-10-21,155871.94450694445,2969996353.274634
2022-10-22,149935.48603819445,2873565978.6976624
2022-10-23,153276.40203124998,2951910248.703645
2022-10-24,152123.0873263889,2943084137.9728913
2022-10-25,154234.5742847222,3023545890.537533
2022-10-26,168273.73131597223,3454655340.5463734
2022-10-27,163096.09188541665,3362639504.037606
2022-10-28,148712.84570833333,3030245977.2991166
2022-10-29,151216.00607291667,3140756171.891644
2022-10-30,150081.82098263886,3108512509.277251
2022-10-31,140974.09003125,2890334641.608488
2022-11-01,135105.01784027775,2769110950.6518087
2022-11-02,132552.48387152777,2704600402.4652104
2022-11-03,129415.27969791667,2620318818.4592113
2022-11-04,136464.8764236111,2825266269.790865
2022-11-05,146710.15677430556,3128573090.0347805
2022-11-06,144545.07968055556,3065810856.5152826
2022-11-07,136936.62415625,2843611996.5770407
2022-11-08,126344.90939236112,2472083302.209831
2022-11-09,125739.24789583334,2197516362.829417
2022-11-10,130084.15492013888,2204658199.0847225
2022-11-11,122912.99077430557,2103083418.4923847
2022-11-12,118421.06590624999,1994891753.3957262
2022-11-13,117418.7258402778,1954458307.1847682
2022-11-14,118728.01222916666,1953501550.9589365
2022-11-15,118122.12951041668,1987262607.2088802
2022-11-16,121674.92828125,2030480527.2259817
2022-11-17,124870.99045138889,2072782911.7778676
2022-11-18,124157.43135069445,2077458959.1862428
2022-11-19,120796.9250486111,2009826814.2083893
2022-11-20,120153.01883680554,1992449723.1127014
2022-11-21,126609.84696180554,2029866227.2045298
2022-11-22,128519.96279513888,2049015730.8510175
2022-11-23,126842.41256597222,2088557155.389339
2022-11-24,124349.38113888889,2063785278.415063
2022-11-25,125741.22324305556,2073038461.9222565
2022-11-26,125768.11152430557,2081770810.3161342
2022-11-27,126150.42150694445,2085702004.104835
2022-11-28,125639.1278923611,2036026960.2878757
2022-11-29,126999.9389236111,2083627218.244522
2022-11-30,126703.32689236112,2140449221.4258661
2022-12-01,129511.53972569444,2208072814.990319
2022-12-02,129418.96103125002,2194175289.111513
2022-12-03,129483.20368055554,2196577477.3723297
2022-12-04,133955.04819444445,2278411709.3716927
2022-12-05,133508.36285069445,2292079604.117132
2022-12-06,116629.31575694444,1981490636.32778
2022-12-07,107461.41470138889,1813375812.2101917
2022-12-08,108512.59065277777,1836367378.363929
2022-12-09,111476.81630902778,1915042049.2703404
2022-12-10,110026.78282291668,1886925540.7434618
2022-12-11,110250.39086111111,1890512350.9868822
2022-12-12,104571.74403819445,1776690009.1438124
2022-12-13,107264.36405208333,1873493619.1185834
2022-12-14,108671.65262152778,1942227792.1448796
2022-12-15,109940.19119097223,1932363259.428899
2022-12-16,103852.21295486111,1775362310.1184683
2022-12-17,99534.96865625,1661237731.9412913
2022-12-18,99374.73906597222,1662083322.1235018
2022-12-19,99192.01064583333,1653441354.275637
2022-12-20,95970.65256597222,1610342934.423709
2022-12-21,95726.15275,1610156923.5136528
2022-12-22,98158.58433680556,1646165006.248182
2022-12-23,98984.9539826389,1665166076.3825636
2022-12-24,98621.74432291667,1659040321.0155802
2022-12-25,97725.76916666667,1642646998.695101
2022-12-26,97083.79396874999,1634985608.354327
2022-12-27,98732.44003472223,1658239039.873433
2022-12-28,104315.12552083333,1734782882.4036875
2022-12-29,107098.72157291666,1776312017.738093
2022-12-30,108341.97811458334,1792272651.1077347
2022-12-31,107404.37273958333,1779176510.2225049
2023-01-01,107881.30435763889,1785509786.492461
2023-01-02,107094.14047916667,1786531595.0263124
2023-01-03,106563.67331597222,1777828696.4136367
2023-01-04,103398.22303819444,1739287201.2720158
2023-01-05,102653.63481250001,1727055751.9104722
2023-01-06,103971.61678125,1749061250.1654043
2023-01-07,104970.68639236112,1777121811.894264
2023-01-08,105422.02504166667,1785742026.5068173
2023-01-09,105510.88820833334,1817876014.8117747
2023-01-10,106135.89061111111,1834342784.8940136
2023-01-11,113243.05401388889,1975642476.194293
2023-01-12,108592.35911458333,1990991487.2829437
2023-01-13,111757.70575000001,2131145030.9022946
2023-01-14,95266.91631944444,1984290061.8131158
2023-01-15,94149.97868055555,1957337442.9015093
2023-01-16,95481.56516666667,2009174905.3657694
2023-01-17,99422.51340972222,2107399028.6706166
2023-01-18,101914.96242361111,2152741667.2157087
2023-01-19,102873.29647569446,2144989023.0651605
2023-01-20,105828.88415277778,2252899546.5036187
2023-01-21,97404.69179861112,2228191958.8179193
2023-01-22,95727.38424652777,2183142968.0552053
2023-01-23,94526.99820833333,2157897643.5087056
2023-01-24,93300.95950694445,2141949830.493989
2023-01-25,92745.35078819444,2105240037.6879141
2023-01-26,88577.58784722222,2042671673.2678096
2023-01-27,89772.12252083333,2063782484.663306
2023-01-28,90167.73969791667,2075237268.0719304
2023-01-29,98941.8249375,2319509315.6882057
2023-01-30,99160.82573958334,2309674227.587971
2023-01-31,97180.08238194445,2231192119.5693617
2023-02-01,97797.74972569445,2265341452.909102
2023-02-02,98489.87999652777,2345694108.99288
2023-02-03,99114.4043888889,2326923154.0464077
2023-02-04,97646.74322916666,2283629659.3724995
2023-02-05,101137.60235069445,2345279048.646544
2023-02-06,103479.78025694445,2369739475.5913444
2023-02-07,103481.383125,2377625114.555452
2023-02-08,102999.13035763889,2378118890.944755
2023-02-09,105083.70909375,2368013383.1321845
2023-02-10,102241.40443402778,2225272167.736054
2023-02-11,103615.44028819444,2247488417.4927263
2023-02-12,101043.81696875,2207885948.6757846
2023-02-13,101451.36779166666,2198437765.7867026
2023-02-14,101240.53027083333,2216349908.493886
2023-02-15,106040.52842013889,2406987313.1399508
2023-02-16,110778.14983333333,2727920702.303249
2023-02-17,105519.07165277778,2535073401.426086
2023-02-18,109625.6701111111,2698551084.856042
2023-02-19,110472.94456250001,2722465918.0120487
2023-02-20,109462.61399652778,2700074447.3154716
2023-02-21,111986.53547569444,2765844009.539652
2023-02-22,109103.7743888889,2619881966.386756
2023-02-23,105295.14598263889,2539395228.827803
2023-02-24,105638.84755555556,2494704701.8506527
2023-02-25,109137.61917708332,2514147011.3372626
2023-02-26,109031.54053472221,2534868731.401562
2023-02-27,104714.44856944444,2454542092.113063
2023-02-28,101856.09222916666,2379821451.767731
2023-03-01,105918.82265972222,2498367524.9619246
2023-03-02,107441.47744444445,2516114585.7308826
2023-03-03,102649.67900694445,2300409441.530085
2023-03-04,99851.94235069444,2228703409.651347
2023-03-05,99483.46158333334,2229427274.768414
2023-03-06,102537.80845486111,2297624812.4090595
2023-03-07,103834.59899652778,2317631545.3877125
2023-03-08,107021.65696527778,2359289678.6180596
2023-03-09,108693.78211458334,2328830460.2807293
2023-03-10,97314.60525347223,1941946720.5710363
2023-03-11,92482.12803125,1869230889.7778482
2023-03-12,93401.78387500001,1922670742.4732862
2023-03-13,93824.51762500001,2159269400.292937
2023-03-14,103509.00180902779,2568543032.0150943
2023-03-15,98000.44497916667,2411776641.8424277
2023-03-16,100675.55199305556,2481952702.470303
2023-03-17,112030.55693402777,2945716206.127418
2023-03-18,105956.25171180555,2895040246.939287
2023-03-19,108764.820875,2982687060.2549443
2023-03-20,112538.56430902779,3133349662.559847
2023-03-21,111722.15496875001,3118736159.0549927
2023-03-22,109307.37948611111,3063006259.966463
2023-03-23,105610.06790277778,2930759151.0774474
2023-03-24,104642.44410416666,2924596195.7752852
2023-03-25,98868.78721875,2716353507.284482
2023-03-26,100747.71827777778,2791558326.04572
2023-03-27,101916.39895486111,2806670494.0590653
2023-03-28,101020.62922222221,2729067168.182219
2023-03-29,106515.82214583334,2991453218.5227394
2023-03-30,106240.97026041667,3014445323.10527
2023-03-31,103553.87747222223,2919824643.535084
2023-04-01,107178.81765277778,3048209109.11419
2023-04-02,106329.11975694443,3005730403.179644
2023-04-03,102203.75714236111,2859019947.072353
2023-04-04,96983.65697222222,2721325667.349853
2023-04-05,98907.50426041667,2803326120.0289364
2023-04-06,99309.1123298611,2780102732.9121156
2023-04-07,100939.13310416666,2818227899.4267216
2023-04-08,101759.54337847223,2846821666.9323325
2023-04-09,101665.12077777779,2846274872.754271
2023-04-10,110414.17759722221,3033343261.158523
2023-04-11,115208.20417013888,3466879835.113744
2023-04-12,113733.67449652778,3410223388.4123206
2023-04-13,113084.96922222222,3414458390.3914847
2023-04-14,105937.97571180556,3238992918.418117
2023-04-15,100771.95951041667,3058790506.7425995
2023-04-16,101214.207375,3066374110.106983
2023-04-17,99984.27656597222,2967962078.79208
2023-04-18,99445.19429166667,2976610898.791202
2023-04-19,99563.03444097222,2942272359.34544
2023-04-20,98345.6225138889,2817719116.447977
2023-04-21,103114.5855763889,2881305420.4858403
2023-04-22,105205.21301041666,2883979603.3156714
2023-04-23,104618.34094444446,2883617073.041649
2023-04-24,103084.1339861111,2832995495.197998
2023-04-25,102286.74196875,2814226466.3663816
2023-04-26,101843.78119791666,2936755404.7393637
2023-04-27,93685.46992013889,2729935601.402459
2023-04-28,101374.93778125,2971962372.6417513
2023-04-29,101701.78441319444,2977287942.9315314
2023-04-30,101255.57099305555,2969358924.900029
2023-05-01,101334.93526041666,2879459026.457014
2023-05-02,104092.77976041666,2940265246.0848937
2023-05-03,99026.09252083334,2826121659.5407186
2023-05-04,100959.34119097222,2924996598.8606825
2023-05-05,102568.31258680555,3000457410.59556
2023-05-06,102084.57071527778,2970787267.9635725
2023-05-07,99402.27738888889,2868964722.2567043
2023-05-08,103999.40406944446,2901514638.50509
2023-05-09,107614.91820833333,2968600655.462375
2023-05-10,106554.78083333332,2953318214.456169
2023-05-11,105658.71534722223,2880063146.7148952
2023-05-12,111143.36553819444,2943221124.304108
2023-05-13,107939.92611805555,2893442877.8800488
2023-05-14,107532.83162847222,2887713533.450894
2023-05-15,107890.28046874999,2946630354.314708
2023-05-16,107968.95573263889,2920896037.8938813
2023-05-17,110166.91728819445,2973783598.653082
2023-05-18,106697.64871875,2896044051.1775613
2023-05-19,105259.82603125,2826702347.3149004
2023-05-20,104880.21976041667,2822913753.867674
2023-05-21,105927.69827430556,2856455976.090978
2023-05-22,107040.8855798611,2868844463.464997
2023-05-23,105042.29555555555,2859869625.7362537
2023-05-24,111661.36409375,2970353757.048965
2023-05-25,114443.79245138889,3008869808.1773667
2023-05-26,109389.28212847222,2905202959.368822
2023-05-27,107610.9383888889,2874344020.944742
2023-05-28,111108.46772222222,3033672098.104448
2023-05-29,111335.61438888888,3101863173.0114303
2023-05-30,111496.496125,3096732018.6669683
2023-05-31,112347.17332638889,3055634737.908018
2023-06-01,112743.43015972222,3032386636.765909
2023-06-02,113622.92100347223,3074105929.083951
2023-06-03,113121.73948611111,3070162365.9523716
2023-06-04,113092.04538194445,3070614268.0947065
2023-06-05,116456.45560069445,3076632615.4349456
2023-06-06,116030.62122222222,3025805656.5063334
2023-06-07,105679.81610069444,2819167067.015511
2023-06-08,104358.2904826389,2761021385.1796026
2023-06-09,102805.81080902778,2725604845.314166
2023-06-10,104361.52166319445,2693928986.4205065
2023-06-11,101980.70580208334,2633425856.6365294
2023-06-12,101027.90637499999,2612583810.590967
2023-06-13,102575.42934722222,2665023522.766165
2023-06-14,103355.55666666667,2668386100.0495825
2023-06-15,107402.5411076389,2697946691.086603
2023-06-16,104935.30259027779,2704680963.7762904
2023-06-17,104242.42690277778,2760104628.5322685
2023-06-18,104739.67552083333,2776938442.521846
2023-06-19,106483.71552777778,2822862822.265489
2023-06-20,113761.22555555556,3094913664.1573424
2023-06-21,120696.25118402777,3534366729.099786
2023-06-22,116874.8095,3517605457.418781
2023-06-23,119427.53585069446,3622044349.121221
2023-06-24,114346.74765972223,3500507488.298634
2023-06-25,114842.1832951389,3515683148.1873584
2023-06-26,115190.65503125,3487422167.160124
2023-06-27,115994.16792708334,3540322330.1065674
2023-06-28,113312.42470486111,3432515129.345168
2023-06-29,115854.52425347222,3522695848.3633666
2023-06-30,114894.80767013889,3512837521.654134
2023-07-01,107538.25595833332,3280417034.5369425
2023-07-02,109408.05772916666,3340781961.8756914
2023-07-03,113209.97261111111,3490134909.0621448
2023-07-04,117128.42074305557,3628761453.6412625
2023-07-05,113047.92915625,3458058128.6957235
2023-07-06,112114.06112152777,3421757875.370886
2023-07-07,102547.91341319444,3094627771.7522106
2023-07-08,103282.37143055555,3120515808.661848
2023-07-09,103529.92453472222,3132485845.637139
2023-07-10,103981.5476875,3146021644.3059664
2023-07-11,106837.35797916667,3257825425.0478625
2023-07-12,110701.88421527778,3384049788.717205
2023-07-13,112103.90836111111,3442509328.9888644
2023-07-14,108126.425375,3355216652.3257146
2023-07-15,100883.4545798611,3056329338.2050033
2023-07-16,101024.52907638889,3058918498.0770574
2023-07-17,103793.61477777778,3130534811.6377
2023-07-18,107184.04511805555,3208375376.1652207
2023-07-19,105671.11363194445,3167014291.8719587
2023-07-20,106922.48044097221,3205345119.5129194
2023-07-21,108588.96277083334,3240513993.1139627
2023-07-22,106632.97623263889,3184650741.535005
2023-07-23,103319.83909027778,3092448329.2180033
2023-07-24,107838.44893055555,3171579315.920128
2023-07-25,110562.90699652777,3224783119.0925884
2023-07-26,106444.21429166666,3115703463.790986
2023-07-27,110449.83342361111,3241017378.8901515
2023-07-28,109330.92850694444,3198788706.717539
2023-07-29,108377.10853124999,3177181823.911579
2023-07-30,108310.04870486111,3172550712.297525
2023-07-31,108811.11160416667,3190599825.2889814
2023-08-01,110574.67328819445,3207890104.255454
2023-08-02,113146.9077673611,3330863926.1606936
2023-08-03,112975.61720138889,3297143065.5276423
2023-08-04,112717.41223958334,3286942498.6074343
2023-08-05,113866.49412152778,3308590190.451105
2023-08-06,111348.48558333334,3236227628.303354
2023-08-07,111559.69063541667,3244639036.4454327
2023-08-08,116581.06042013889,3435395679.0022597
2023-08-09,123648.74236458333,3673634701.117921
2023-08-10,118564.81525000001,3498559454.5539007
2023-08-11,118473.64365972222,3484161613.7481256
2023-08-12,117531.81293750001,3456803933.2141685
2023-08-13,115874.77585763889,3405161715.595872
2023-08-14,109949.30633680556,3232860773.535147
2023-08-15,110059.12302083333,3228921655.7239428
2023-08-16,116016.74617708333,3378801966.4691978
2023-08-17,116927.01790277779,3298275920.0626698
2023-08-18,100933.27935763888,2654804485.0505314
2023-08-19,91695.4504375,2383588501.764884
2023-08-20,88890.63018749999,2321202801.6177573
2023-08-21,90950.09894444444,2369962866.1785727
2023-08-22,90613.19492708333,2353705164.0045323
2023-08-23,86404.47874652778,2260738373.330707
2023-08-24,85102.30527430556,2236553229.9636917
2023-08-25,85918.33204166667,2237622588.5219135
2023-08-26,84462.73557291666,2198809500.459477
2023-08-27,86351.27069097222,2250327506.2288003
2023-08-28,87715.60926041666,2282985794.385661
2023-08-29,89641.42445138888,2395225492.41492
2023-08-30,90376.03736111111,2471566420.760391
2023-08-31,87368.00140625,2348723781.473202
2023-09-01,83795.62498611111,2169853824.335263
2023-09-02,82782.32985416666,2136872848.3497064
2023-09-03,81258.30881944444,2104760476.706421
2023-09-04,81310.68575,2105090487.168038
2023-09-05,83351.82018055556,2144531120.8767385
2023-09-06,84561.87252083333,2174700692.4214816
2023-09-07,84255.92211805556,2175915878.607165
2023-09-08,84352.46142013889,2194324001.7894974
2023-09-09,83603.50197222222,2162179819.685011
2023-09-10,82744.43917013888,2135591373.5370996
2023-09-11,85456.0168125,2177541138.3022885
2023-09-12,87958.32148421052,2274853705.5037904
2023-09-13,88622.70676388888,2311048518.8668113
2023-09-14,89865.79498263888,2374990511.209688
2023-09-15,90263.15881944443,2391062016.961486
2023-09-16,87556.72384375,2324126406.8802795
2023-09-17,86377.500375,2290130908.511248
2023-09-18,90548.78453472222,2431599071.288192
2023-09-19,92078.53316666668,2489272710.6173844
2023-09-20,91467.44649652777,2479509403.160864
2023-09-21,92847.1265625,2485007965.102691
2023-09-22,92784.28014236112,2467926302.324988
2023-09-23,91585.37847569444,2432709766.808586
2023-09-24,91501.7700798611,2428896501.9753985
2023-09-25,91491.55178472222,2396145547.441536
2023-09-26,90992.82537847222,2387088712.5638585
2023-09-27,91508.94498958334,2408569789.248555
2023-09-28,90471.55897222222,2413647735.0156226
2023-09-29,90472.77444444444,2437784008.5132093
2023-09-30,89269.87817013888,2406214986.2417164
2023-10-01,91791.94964930556,2492344769.382013
2023-10-02,91708.14127777779,2571270537.7622747
2023-10-03,89482.76747569445,2458309946.0929003
2023-10-04,88414.38773611112,2431869561.3739944
2023-10-05,91575.12312152778,2529396953.0296125
2023-10-06,92454.39003472222,2560628086.1776066
2023-10-07,91756.56852777778,2561400320.34182
2023-10-08,92110.85365972221,2570295788.0708766
2023-10-09,92123.49822569445,2548356746.2776937
2023-10-10,91919.97430208333,2528733575.663198
2023-10-11,97241.72455208334,2625754949.487886
2023-10-12,97378.24203125,2605379202.2258463
2023-10-13,97101.90855902777,2602981845.2295723
2023-10-14,98492.31064583332,2646467242.503451
2023-10-15,97971.67833680556,2637931805.7313204
2023-10-16,93964.73066319445,2619452930.31001
2023-10-17,89890.83602083333,2550554421.5904365
2023-10-18,89238.65926041667,2533332340.7582126
2023-10-19,90116.15106250001,2565549941.893538
2023-10-20,94438.44265625,2777938069.4949093
2023-10-21,93761.74888888889,2792588112.41674
2023-10-22,94496.19870138889,2825248264.3284497
2023-10-23,97088.2938611111,2998480125.635559
2023-10-24,85297.92454166667,2908154030.3423758
2023-10-25,85141.18784722223,2923191579.357043
2023-10-26,84746.78727083333,2909723831.3109183
2023-10-27,85322.73033333333,2898551076.0164165
2023-10-28,85043.3822638889,2899336248.401023
2023-10-29,87193.15894791666,2992255718.2816043
2023-10-30,87049.50627083334,2998604334.062933
2023-10-31,87092.39255902778,2995918235.7847004
2023-11-01,86975.24495138889,3009500863.0968757
2023-11-02,85276.53337152778,2998546534.3604503
2023-11-03,82933.32029861111,2863388229.01319
2023-11-04,83195.60501736111,2891703530.223847
2023-11-05,86144.55716666667,3019349669.5844326
2023-11-06,87037.48542708333,3047348334.916265
2023-11-07,89183.65580208333,3118954297.424629
2023-11-08,88490.48248263888,3132993475.1677914
2023-11-09,89160.75045486112,3264672458.4354897
2023-11-10,79659.41482291667,2943979100.8146095
2023-11-11,80300.17850694444,2978531439.907629
2023-11-12,81323.05545833333,3017084620.480851
2023-11-13,81469.61435763889,3005389566.687586
2023-11-14,80788.7265625,2928585602.0088263
2023-11-15,81208.99877083334,2945276809.8842406
2023-11-16,84229.75492013889,3113556713.1822968
2023-11-17,79035.44757638889,2874209117.085367
2023-11-18,78962.86321527777,2882032638.0781436
2023-11-19,79888.17971875,2927501837.447142
2023-11-20,80464.35414930555,3001592332.974693
2023-11-21,83400.91100000001,3098034894.5310283
2023-11-22,79605.49821527778,2918222921.674719
2023-11-23,81519.12833680556,3042209472.3586392
2023-11-24,82204.53078819445,3094267657.2765326
2023-11-25,79316.25170833332,2993945315.358014
2023-11-26,79609.86188194444,2991631015.5059032
2023-11-27,79612.28102430556,2957371084.964765
2023-11-28,80439.42503472223,3011105627.230486
2023-11-29,82967.24601041667,3147362282.3449626
2023-11-30,83265.0956701389,3144743707.9048867
2023-12-01,87124.18185069444,3346111247.6876025
2023-12-02,86984.63357291667,3381133532.854722
2023-12-03,81852.90996180555,3236379444.7549887
2023-12-04,83531.46710763889,3461788899.4972343
2023-12-05,84113.82317013889,3566571928.831831
2023-12-06,84602.52538541667,3713041294.5052247
2023-12-07,85446.2007986111,3723101824.444891
2023-12-08,84386.67771875,3686174612.5499578
2023-12-09,81919.33704166667,3608479297.563404
2023-12-10,82952.65242708333,3637238248.1977406
2023-12-11,77500.81496527778,3252415958.2673063
2023-12-12,76898.02419097222,3196424203.514692
2023-12-13,79407.66771527778,3307000305.309872
2023-12-14,77717.44387847223,3330254768.8545218
2023-12-15,76055.70358333334,3231652413.309419
2023-12-16,76338.4374826389,3229831634.4936857
2023-12-17,76811.24662847222,3224231640.763029
2023-12-18,77586.03862152778,3213687777.5422115
2023-12-19,78021.95285069445,3334630344.287082
2023-12-20,78997.7416388889,3413859688.070023
2023-12-21,80861.88228472223,3538751165.704784
2023-12-22,79620.29734722222,3489844529.5710907
2023-12-23,78770.62919097222,3442321447.0894527
2023-12-24,78616.37446875,3431274982.581808
2023-12-25,77832.60654861112,3374902251.36803
2023-12-26,78994.74708680555,3376492234.3508782
2023-12-27,78130.53671875,3347928788.847135
2023-12-28,75413.14360416666,3239877835.0586295
2023-12-29,75493.64302083333,3204572798.618396
2023-12-30,76502.8644548611,3224200217.4938397
2023-12-31,75233.56576736111,3196137726.1997104
2024-01-01,74914.01002083333,3209448754.1772437
2024-01-02,79834.9019375,3614320982.5234594
2024-01-03,74308.15249305556,3271909592.216862
2024-01-04,70134.21922916667,3049133921.7012577
2024-01-05,68982.55450347223,3018107487.442393
2024-01-06,68031.18126041668,2980539520.1899323
2024-01-07,70522.43127430555,3107343694.4758577
2024-01-08,72439.50628819445,3249955314.3264856
2024-01-09,73699.62159375001,3437704414.079179
2024-01-10,70803.94191666666,3243923793.48198
2024-01-11,69648.85966319445,3243891234.143207
2024-01-12,75992.70679166667,3423809968.321253
2024-01-13,75218.00257638888,3224559964.7340913
2024-01-14,76065.49645833333,3253020130.244095
2024-01-15,75868.1195763889,3233240766.4806814
2024-01-16,74566.21008333334,3202087287.1075673
2024-01-17,75371.49330208333,3220785775.9066887
2024-01-18,76650.0363298611,3239407224.207246
2024-01-19,77772.97685763889,3212074548.076336
2024-01-20,74596.67974305555,3104992682.206698
2024-01-21,74673.63705555555,3113497077.270815
2024-01-22,76709.6976875,3125237064.2128057
2024-01-23,76764.71073611111,3027104405.250113
2024-01-24,76067.56972569444,3036741694.0556855
2024-01-25,77748.47783333334,3106228024.8536243
2024-01-26,79117.94259027779,3238234191.9665704
2024-01-27,78693.39965972223,3290491184.139924
2024-01-28,76847.43655902777,3245226813.9725623
2024-01-29,76155.00275,3233256554.4997196
2024-01-30,77208.97307638888,3350679966.9222746
2024-01-31,73802.68284375001,3166906670.5021453
2024-02-01,73696.06534722222,3128440033.5207095
2024-02-02,74674.044,3215017934.551769
2024-02-03,75508.64982638888,3253737848.4937563
2024-02-04,76804.27841666667,3292704158.8473377
2024-02-05,78912.59243055555,3376229492.7151504
2024-02-06,80525.95025347223,3458253915.242308
2024-02-07,79961.08763194445,3459350086.988174
2024-02-08,84882.21248958334,3809464424.756626
2024-02-09,84313.2097048611,3941369252.7782984
2024-02-10,84923.40386458334,4019661277.7035775
2024-02-11,88497.5420798611,4259492959.5752697
2024-02-12,90823.01340972222,4430841433.512177
2024-02-13,91536.84004513889,4543945537.841535
2024-02-14,89433.5200798611,4548210525.149909
2024-02-15,89457.38206944444,4659493592.618154
2024-02-16,88528.23417177914,4611121445.169252
2024-02-17,88190.62717708334,4554061975.590575
2024-02-18,86633.54662847222,4484876638.647998
2024-02-19,86899.41737847222,4532269929.4353895
2024-02-20,88747.33564583334,4606542223.152078
2024-02-21,88387.50490972222,4551484655.310377
2024-02-22,86720.90490625001,4475391706.454016
2024-02-23,87748.8126875,4485836249.441479
2024-02-24,87922.90015625,4499555224.529346
2024-02-25,87066.85578472223,4498721626.535889
2024-02-26,86686.64167708333,4537151917.887287
2024-02-27,81507.79354513889,4606265037.980169
2024-02-28,80130.28142708333,4751513332.895332
2024-02-29,75072.85827430554,4666083599.380236
2024-03-01,74050.07018750001,4584898852.414005
2024-03-02,73300.90367708333,4547020665.856031
2024-03-03,74190.69503472223,4618723999.892101
2024-03-04,79677.48853310104,5212875630.508993
2024-03-05,79873.22522996516,5298431021.96232
2024-03-06,73911.60660627177,4875782238.258809
2024-03-07,73260.209,4843864009.901637
2024-03-08,74617.216184669,5053515039.653062
2024-03-09,73990.354,5044291842.140835
2024-03-10,73645.213,5034394125.2013
2024-03-11,77404.994,5340944586.0
2024-03-12,79647.54177351916,5711885237.062486
2024-03-13,78117.048,5585900127.9264
2024-03-14,80397.27,5878704756.455201
2024-03-15,83981.907,6000778051.831123
2024-03-16,79345.217,5515912006.656868
2024-03-17,76563.969,5003524281.7221
2024-03-18,78535.72,5375612962.56
2024-03-19,79931.57493031358,5147539042.981084
2024-03-20,77984.0289825784,4981971730.37609
2024-03-21,76952.183,5222252166.2388
2024-03-22,75531.95935888501,4885211750.743003
2024-03-23,73745.48572473868,4764046270.880462
2024-03-24,75564.87110801395,4931673757.293188
2024-03-25,77971.44180487805,5331677033.3379755
2024-03-26,78825.936,5511548858.088
2024-03-27,79655.738,5579073630.578137
2024-03-28,83137.811,5780796470.9197
2024-03-29,82678.9268118467,5793777648.535846
2024-03-30,80822.68981881533,5658554568.029312
2024-03-31,80226.288,5586667134.074837
2024-04-01,82700.764,5901774621.332
2024-04-02,84163.725,5866211632.5
2024-04-03,78042.079,5110906113.054349
2024-04-04,79883.78755052264,5345824791.519207
2024-04-05,76586.00690592335,5169200857.428055
2024-04-06,75898.03413240418,5164089947.894039
2024-04-07,76496.262,5270382006.24284
2024-04-08,80048.156,5552620389.096
2024-04-09,80241.385,5751351290.988701
2024-04-10,79750.94344250871,5521065562.532185
2024-04-11,81718.34725087107,5759929502.104122
2024-04-12,81696.93,5722711140.415252
2024-04-13,80077.322,5377104087.2458
2024-04-14,66896.244,4276344489.037807
2024-04-15,67002.787,4397016459.690168
2024-04-16,66250.18366550523,4170319651.0640106
2024-04-17,64171.039,4092548375.8085313
2024-04-18,67844.37443554007,4231633056.4213414
2024-04-19,67633.638,4291016162.91
2024-04-20,66202.80517770034,4247857162.5528007
2024-04-21,67321.0371881533,4370605641.9449625
2024-04-22,67779.26839372823,4472659966.835471
2024-04-23,69298.93305923344,4603728302.213103
2024-04-24,69050.44895818815,4537444671.743728
2024-04-25,68970.9466271777,4426277885.414933
2024-04-26,67226.03992682927,4310258971.719234
2024-04-27,67490.33197212544,4256260359.8717113
2024-04-28,67497.79642160279,4297029056.06144
2024-04-29,65747.694,4147916818.1496
2024-04-30,70555.95704181185,4356015233.84492
2024-05-01,71366.69312195122,4162116767.601419
2024-05-02,69090.82237979093,4030714180.3496704
2024-05-03,67561.195,3988596756.976
2024-05-04,72115.025,4532696146.8425
2024-05-05,73775.775,4711630849.755
2024-05-06,72614.07,4646429111.16
2024-05-07,71673.96497212544,4548509998.924949
2024-05-08,70977.329,4421596589.6511
2024-05-09,69698.073,4262706693.0310535
2024-05-10,69749.117,4397688801.7617
2024-05-11,71763.433,4361645107.2173
2024-05-12,70961.068,4315085776.2256
2024-05-13,70868.90233449476,4416594716.022164
2024-05-14,69502.68411498258,4304245599.2716675
2024-05-15,67758.064,4170641640.0340314
2024-05-16,73355.25543205575,4823815780.55518
2024-05-17,72377.85,4720324145.73
2024-05-18,74105.612,4963738682.055527
2024-05-19,76051.85495818815,5082283196.888513
2024-05-20,76615.07378745645,5178211481.859137
2024-05-21,70473.906,5036171033.619
2024-05-22,78452.073,5504327639.2936945
2024-05-23,76008.9996933798,5233165657.481816
2024-05-24,70841.347,4817445372.4451
2024-05-25,71476.89406968642,4931563583.68036
2024-05-26,71933.20275261324,4963100539.569083
2024-05-27,71675.49840766551,4959454322.033956
2024-05-28,71580.708,4972110506.8128
2024-05-29,74176.86537630662,5044502360.581287
2024-05-30,76232.589,5159932381.8663
2024-05-31,74250.547,5078538140.023653
2024-06-01,76516.484,5170290748.289956
2024-06-02,76139.04903832753,5167702197.33175
2024-06-03,78227.47236585367,5399219491.986458
2024-06-04,79766.23456794425,5557018134.682245
2024-06-05,81171.017,5729050379.86
2024-06-06,82454.506,5865261111.6498
2024-06-07,83798.32050174216,5923856880.936822
2024-06-08,82372.639,5714774813.1669
2024-06-09,83482.286,5789204346.099
2024-06-10,84889.15099303136,5909345276.932903
2024-06-11,84363.92306968641,5696803933.471677
2024-06-12,82672.343,5565232499.896793
2024-06-13,81189.437,5542733861.605481
2024-06-14,82145.939,5485894277.751423
2024-06-15,79859.3337108014,5287005773.474808
2024-06-16,81144.84058188154,5390221989.88967
2024-06-17,80884.799,5391632282.896711
2024-06-18,79507.17263763066,5182403912.80869
2024-06-19,77014.4362195122,5015774092.972668
2024-06-20,75443.813,4899797084.020751
2024-06-21,76362.56435888502,4901008559.221833
2024-06-22,77689.38320905923,4993108479.773295
2024-06-23,77924.50406968642,5002165671.379035
2024-06-24,77593.986,4903544185.8714
2024-06-25,76111.899,4587530544.3765
2024-06-26,75584.461,4669622161.677213
2024-06-27,74876.9,4557136663.650675
2024-06-28,76306.46217770035,4669087680.839858
2024-06-29,79074.2461010453,4819245280.554881
2024-06-30,82588.51591986063,5083547834.40323
2024-07-01,83034.53281533101,5242385602.716373
2024-07-02,83916.28442857144,5247177492.757897
2024-07-03,84473.518,5247790595.473
2024-07-04,89202.72114982578,5200007415.207285
2024-07-05,88552.548,5051533909.162403
2024-07-06,83117.828,4705217125.252
2024-07-07,80177.383,4667614546.4663
2024-07-08,81293.278,4538953271.8354
2024-07-09,78848.787,4470642111.93498
2024-07-10,82178.811,4768513096.899871
2024-07-11,0.0,0.0
2024-07-12,72072.33448432056,4139018595.406387
2024-07-13,0.0,0.0
2024-07-14,61089.333003484324,3664643249.8042603
2024-07-15,84969.235,5163249030.9335
2024-07-16,83978.3280174216,5385836660.853452
2024-07-17,82307.11936236934,5349693609.627854
2024-07-18,78999.88053658538,5079017731.620087
2024-07-19,78588.674,5026531589.04
2024-07-20,84274.956,5615334248.994417
2024-07-21,82614.88497212544,5546919493.8693075
2024-07-22,81286.9956097561,5489676198.901518
2024-07-23,81724.5482891986,5440205848.314187
2024-07-24,82314.71915679442,5437921766.569911
2024-07-25,82979.34072125435,5359611580.752066
2024-07-26,83327.2,5480758418.6408205
2024-07-27,84651.1,5746336760.86
2024-07-28,86084.842,5842012173.524803
2024-07-29,85860.258,5857180798.2521105
2024-07-30,83542.17538675958,5544133470.930416
2024-07-31,82421.9669651568,5437656003.582365
2024-08-01,86246.74958885017,5531652291.285767
2024-08-02,87192.052,5696160845.9028
2024-08-03,86820.17024041813,5320969250.33484
2024-08-04,85283.126,5175372388.0596
2024-08-05,88098.464,5121964528.6924515
2024-08-06,75212.503,4060141944.6017113
2024-08-07,76846.83,4304090775.546137
2024-08-08,76977.234,4241668827.3786
2024-08-09,74611.91216027875,4527696233.292916
2024-08-10,70831.06464111498,4299388681.382678
2024-08-11,71908.45125087108,4343202491.636857
2024-08-12,68778.99770383275,4056408078.3574677
2024-08-13,68490.559,4063106525.8924
2024-08-14,72127.824,4367734979.369164
2024-08-15,79942.90293728223,4665435496.580813
2024-08-16,83767.535,4817913569.947132
2024-08-17,82133.267,4833953429.285
2024-08-18,83463.48341114982,4977723310.833957
2024-08-19,82695.127,4828576735.0427
2024-08-20,83967.11777700348,5044160087.000413
2024-08-21,82720.661,4879501534.8697
2024-08-22,85607.454,5232327588.48
2024-08-23,85616.34648432056,5287517959.9652405
2024-08-24,87357.87992682926,5594658007.432297
2024-08-25,88343.23708013937,5661779461.6619005
2024-08-26,86491.85232752614,5505720418.509508
2024-08-27,85145.73490592335,5292586591.007215
2024-08-28,81452.86,4837029219.384
2024-08-29,79140.046,4670038286.4508
2024-08-30,81440.705,4831676069.533411
2024-08-31,79855.24,4719149219.612
2024-09-01,82466.63236585366,4799757847.317373
2024-09-02,82146.888,4705434422.060124
2024-09-03,84338.39177003485,4940262748.475527
2024-09-04,83178.403,4779218287.851972
2024-09-05,81107.801,4699767196.6047
2024-09-06,84879.57128222997,4689839362.368514
2024-09-07,84362.93642160279,4573166786.101109
2024-09-08,83937.62579790941,4561346377.069022
2024-09-09,84701.211,4645320795.94419
2024-09-10,86950.0483728223,4963427102.806243
2024-09-11,86226.717,4967822959.8795
2024-09-12,87273.25372125435,5061956032.367608
2024-09-13,87298.44671777004,5122367992.444175
2024-09-14,89407.534,5405239757.0108
2024-09-15,87982.57690940767,5275879950.61971
2024-09-16,86288.806,5099730332.43655
2024-09-17,84525.958,4918303465.5502
2024-09-18,84092.58631358885,5055858722.66776
2024-09-19,86973.07056445994,5447691185.762227
2024-09-20,87179.866,5486167941.4738
2024-09-21,87263.42162020906,5503889337.970868
2024-09-22,86575.326,5482010245.0482
2024-09-23,88648.51228222996,5629207479.828481
2024-09-24,88986.639,5633156798.223497
2024-09-25,89948.78467944251,5732775617.321034
2024-09-26,88357.10936933798,5677692883.186223
2024-09-27,88244.101,5748604000.168506
2024-09-28,85849.737,5644577282.8815
2024-09-29,85190.70245296166,5596465230.941733
2024-09-30,85611.604,5613692767.2837105
2024-10-01,86806.037,5496020020.468512
2024-10-02,84304.326,5124995236.357489
2024-10-03,83697.55768292682,5086335574.056829
2024-10-04,84456.344,5128788847.7224
2024-10-05,84614.28005574913,5248765213.848789
2024-10-06,84276.544,5227737408.566316
2024-10-07,86782.27749825784,5498786344.123594
2024-10-08,85673.7720174216,5346270317.273382
2024-10-09,85922.831,5338646120.179449
2024-10-10,86927.98165505227,5263708062.506645
2024-10-11,85843.982,5175860569.041169
2024-10-12,87533.767,5471648241.403
2024-10-13,87868.83593728223,5510466606.027885
2024-10-14,86676.70168989548,5615704153.66082
2024-10-15,85757.32132752614,5666180064.209923
2024-10-16,82779.101,5550265847.086823
2024-10-17,86461.085,5844251791.171208
2024-10-18,81685.646,5506125468.902937
2024-10-19,86533.42951567945,5908123810.132278
2024-10-20,86749.239,5929622782.9104
2024-10-21,88157.61350174216,6010373733.68782
2024-10-22,86956.165,5858123793.0355
2024-10-23,86928.661,5860260909.8506
2024-10-24,84249.392,5615177033.035936
2024-10-25,85471.049,5827038700.06527
2024-10-26,81006.95633797909,5426956776.801561
2024-10-27,81370.0891184669,5486961046.3191805
2024-10-28,84789.41705263157,5822003062.790237
2024-10-29,89115.037,6232705687.78
2024-10-30,90242.979,6564165236.451364
2024-10-31,89315.493,6462035630.341568
2024-11-01,89544.929,6296634723.994011
2024-11-02,84756.8698989547,5893524373.648241
2024-11-03,84565.70914634145,5792761912.802678
2024-11-04,84219.66902090592,5766069202.519399
2024-11-05,83644.75774216028,5769936609.157938
2024-11-06,82913.28,5750301290.496
2024-11-07,89441.85,6759597498.929376
2024-11-08,88615.412,6721881903.1404085
2024-11-09,88911.3224250871,6791355563.809988
2024-11-10,87202.45410801393,6903682129.675758
2024-11-11,87656.85056794426,7291963254.112612
2024-11-12,84951.36,7537649221.44
2024-11-13,84314.918,7416746073.315639
2024-11-14,84941.14782229965,7619783593.412087
2024-11-15,84955.56476306621,7577528843.366754
2024-11-16,84836.027,7726407224.6142
2024-11-17,84778.5022369338,7664659165.343761
2024-11-18,84052.753,7555943419.232872
2024-11-19,85783.42990940767,7892219327.80508
2024-11-20,87674.84401045296,8182872130.531482
2024-11-21,90296.17516027876,8768623421.629917
2024-11-22,91128.75956445994,8996151432.144835
2024-11-23,90671.153,8969070556.628553
2024-11-24,90282.742,8822926103.321
2024-11-25,87507.222,8572251220.731
2024-11-26,89085.3527979094,8304441175.800187
2024-11-27,87539.94021602787,8254326043.431647
2024-11-28,86498.24742160279,8257817534.171762
2024-11-29,85987.754,8228507339.80876
2024-11-30,87299.64590243904,8447518285.439446
2024-12-01,86730.97524738677,8406487491.563463
2024-12-02,86613.045,8424426483.229501
2024-12-03,87204.46657142857,8334622037.184885
2024-12-04,88781.79865156794,8568595976.904332
2024-12-05,92642.832,9142841816.068169
2024-12-06,91041.42355052265,9007734223.14956
2024-12-07,88975.94380487806,8874668726.834055
2024-12-08,88605.133,8851573042.080301
2024-12-09,89937.71778745644,8863245403.30136
2024-12-10,89201.49979442508,8641613884.671339
2024-12-11,91085.47902439024,9003981494.653355
2024-12-12,93153.03869337979,9385468319.34887
2024-12-13,91350.21738675958,9178072718.507957
2024-12-14,92004.474,9326668337.8806
2024-12-15,92610.017,9389878148.214449
2024-12-16,98884.509,10328388080.541
2024-12-17,94147.90930662022,10046725186.291105
2024-12-18,92379.01,9799945879.45902
2024-12-19,92500.772,9266967840.9672
2024-12-20,91843.59049477351,8853151219.212597
2024-12-21,87957.59325087108,8588862654.264143
2024-12-22,87637.72572125436,8435986558.871242
2024-12-23,86862.228,8265452522.780559
2024-12-24,90262.465,8562396718.611501
2024-12-25,91745.762,9049216838.490623
2024-12-26,91878.328,9130831485.3088
2024-12-27,89325.492,8553294203.140119
2024-12-28,89656.693,8451384092.664119
2024-12-29,90696.294,8639984798.815777
2024-12-30,91096.76723344947,8511847983.305883
2024-12-31,90901.515,8432059554.271127
2025-01-01,91516.86888850173,8599141053.278704
2025-01-02,92290.283,8728907256.423
2025-01-03,91933.181,8914539921.9356
2025-01-04,90565.982,8888670756.1756
2025-01-05,87457.503,8585982933.5196
2025-01-06,90096.533,8860102064.873299
2025-01-07,93902.766,9595851507.582624
2025-01-08,87299.0494250871,8340426257.720031
2025-01-09,89812.80505923345,8392075681.547541
2025-01-10,87392.533,8084656141.723037
2025-01-11,88470.1,8376434085.256205
2025-01-12,88086.1444250871,8324291948.959375
2025-01-13,87549.292,8273399339.0708
2025-01-14,84911.73152961672,8140278256.857534
2025-01-15,84491.968,8154742291.52
2025-01-16,86632.015,8703217789.212185
2025-01-17,86229.624,8617451446.439133
2025-01-18,90556.742,9421758885.2092
2025-01-19,87814.441,9179704071.20981
2025-01-20,85882.37388501743,8995583582.805765
2025-01-21,86097.58739372822,8946537742.553888
2025-01-22,86596.492,9189143450.334
2025-01-23,84159.96905226482,8685276081.535784
2025-01-24,80453.974,8356559123.069112
2025-01-25,82342.855,8630476876.312714
2025-01-26,82089.82202439025,8601969823.67238
2025-01-27,85304.3532195122,8561110781.966295
2025-01-28,84007.853,8571709327.37937
2025-01-29,80332.024,8137351151.200403
2025-01-30,83538.02501393728,8776161744.294271
2025-01-31,82476.68620557491,8576348227.057059
2025-02-01,83384.842,8536923446.9916
2025-02-02,84118.87048083624,8333693284.742463
2025-02-03,83568.38,8161813828.426677
2025-02-04,78322.06,7933531249.022
2025-02-05,76276.28980487805,7453179838.002607
2025-02-06,76450.473,7382730437.0424
2025-02-07,75204.701,7258381717.015
2025-02-08,76363.20659581882,7350635767.995121
2025-02-09,76262.283,7352591602.3677
2025-02-10,74484.248,7182179801.709686
2025-02-11,77298.76489547038,7507603946.303305
2025-02-12,79155.804,7577695935.0456
2025-02-13,78792.29695470384,7593188237.2624235
2025-02-14,78469.961,7577098669.140499
2025-02-15,76975.29,7501172900.374247
2025-02-16,76875.538,7498278537.8902
2025-02-17,76101.566,7311338253.015263
2025-02-18,80053.849184669,7635985232.092343
2025-02-19,81978.877,7838865299.835248
2025-02-20,79366.6649337979,7732442477.383199
2025-02-21,82419.61,8097965699.369
2025-02-22,81285.283,7814067839.833657
2025-02-23,80059.74640069687,7686727454.676176
2025-02-24,80419.492,7737826807.1036
2025-02-25,90351.827,8269421806.629002
2025-02-26,85040.37846341463,7425190392.4237995
2025-02-27,82318.438,6931361212.55378
2025-02-28,82513.11,6986018208.307911
2025-03-01,78947.448,6655319009.724274
2025-03-02,78976.9501533101,6974310515.443143
2025-03-03,74845.30847038327,6803599370.073012
2025-03-04,71171.525,6133576258.805
2025-03-05,69367.20961324043,6151855237.655432
2025-03-06,69816.069,6323060438.1428795
2025-03-07,68812.73282578397,6056855872.798883
2025-03-08,69129.79226132404,5957174721.904041
2025-03-09,68425.001,5897195026.1848
2025-03-10,70149.234,5660257512.3792
2025-03-11,69692.488,5476435707.04
2025-03-12,69968.586,5800115905.056
2025-03-13,68962.566,5768070397.7796
2025-03-14,72118.18463763066,5994459524.763283
2025-03-15,72975.574,6125212101.2474
2025-03-16,70365.45587456446,5879433113.445175
2025-03-17,68524.906,5656155381.0896
2025-03-18,71103.846,5970358010.05368
2025-03-19,71371.27560278746,5997279541.756477
2025-03-20,76225.349,6616512743.898
2025-03-21,70615.76893379791,5940263957.907405
2025-03-22,70714.54586062719,5950863742.033115
2025-03-23,70988.97973170731,6008294071.434157
2025-03-24,72903.525,6273557041.481979
2025-03-25,77221.553,6754051856.5049
2025-03-26,72983.00159233449,6370319974.767772
2025-03-27,70914.41933101046,6182585098.377969
2025-03-28,72074.99519163763,6134995509.984333
2025-03-29,73855.534,6231989043.3472
2025-03-30,71042.954,5868724516.966169
2025-03-31,70079.67940418118,5770603630.955
2025-04-01,68841.849,5680669442.526954
2025-04-02,71538.523,6089430616.283
2025-04-03,69853.242,5761844666.37
2025-04-04,71579.881,5952568587.9838
2025-04-05,72811.8661358885,6066130130.271227
2025-04-06,70789.853,5911088381.406332
2025-04-07,72337.70955400697,5624958198.336951
2025-04-08,70877.567,5609257740.1367
2025-04-09,74810.64255749129,5864967403.819661
2025-04-10,73540.5247979094,5955822440.82212
2025-04-11,73550.604,5852870989.338574
2025-04-12,78186.868,6519666718.9876
2025-04-13,80064.03247038327,6759695978.044742
2025-04-14,77459.35837630661,6556389083.789921
2025-04-15,77074.04214634147,6549895713.77163
2025-04-16,77998.30752961672,6549242657.376668
2025-04-17,77423.41719163764,6545259265.587788
2025-04-18,78013.242,6624581025.259425
2025-04-19,78553.45313240417,6682625809.195631
2025-04-20,79184.598,6734412506.106
2025-04-21,82906.42793379791,7234592928.784035
2025-04-22,86425.38933797908,7749837055.500388
2025-04-23,83970.08485365854,7847522618.408147
2025-04-24,81651.72,7645970802.554283
2025-04-25,82880.683,7785115163.2828
2025-04-26,86023.562,8137123571.9916
2025-04-27,84235.944,7925460805.803485
2025-04-28,84165.372,7886042860.284
2025-04-29,81930.526,7780860123.694
2025-04-30,81593.26124041811,7706152782.769545
2025-05-01,80085.011,7538483829.593407
2025-05-02,86024.787,8295776517.322894
2025-05-03,86234.604,8350239727.64076
2025-05-04,83719.958,8022046642.8267565
2025-05-05,80960.76492682926,7637993770.796513
2025-05-06,81109.59937630662,7664723731.565688
2025-05-07,82532.419,7988675977.6536
2025-05-08,83114.94357142856,8309848292.298856
2025-05-09,79514.574,8209223649.263992
2025-05-10,78466.358,8077468131.9644
2025-05-11,80407.03493379791,8372177229.112094
2025-05-12,82409.00746341464,8531267756.612172
2025-05-13,81619.983,8385635997.978941
2025-05-14,81201.53900696864,8409027797.336936
2025-05-15,80227.713,8300214777.0966
2025-05-16,79526.047,8249316381.357
2025-05-17,80264.766,8301053492.611923
2025-05-18,78568.756,8099126645.3748
2025-05-19,80359.68249825784,8368376972.716065
2025-05-20,83003.14951219512,8771621553.990955
2025-05-21,83827.018,8952423745.1352
2025-05-22,89710.52371777003,9953939335.018139
2025-05-23,86931.12761324042,9551136627.968058
2025-05-24,84715.70527874565,9185326241.384056
2025-05-25,86276.107,9291841820.1823
2025-05-26,90070.0961881533,9862923699.49258
2025-05-27,90182.612,9866399705.151667
2025-05-28,87256.1161184669,9442901062.680092
2025-05-29,87222.658,9395886387.734
2025-05-30,85633.755,9037786502.7
2025-05-31,83065.60004529616,8641384192.230795
2025-06-01,83551.629,8734879988.316301
2025-06-02,82804.416,8743286238.031088
2025-06-03,82000.887,8676341651.6073
2025-06-04,81848.11277351917,8609639736.809566
2025-06-05,80790.898,8454447353.182428
2025-06-06,83980.66202439024,8699544691.38697
2025-06-07,83287.53595121951,8757028791.983418
2025-06-08,83206.626,8779100499.17065
2025-06-09,82511.392,8719744539.01525
2025-06-10,85385.53075609756,9340666900.477224
2025-06-11,84564.71294076655,9245535359.724236
2025-06-12,82285.949,8937139383.929245
2025-06-13,78075.76675958188,8178069315.551832
2025-06-14,78497.08,8323192639.838973
2025-06-15,78209.462,8240133274.4276
2025-06-16,78624.389,8298510858.909815
2025-06-17,77294.61308362368,8168141032.867209
2025-06-18,77102.91263414634,8071515583.512098
2025-06-19,76490.255,8018969053.028515
2025-06-20,77793.71,8138177943.936557
2025-06-21,77505.706,8002115368.823
2025-06-22,77008.89998954703,7794635909.16184
2025-06-23,76866.69838675958,7839582771.561078
2025-06-24,72609.466,7645337021.355309
2025-06-25,75448.899,8000224005.465
2025-06-26,76626.179,8220723524.243503
2025-06-27,76565.03582578398,8192844892.320974
2025-06-28,75532.29858188154,8098226129.240272
2025-06-29,77397.37118815331,8328770851.031992
2025-06-30,77483.13563066201,8346098065.033318
2025-07-01,76425.99,8185783816.793518
2025-07-02,74368.387,7856127665.906
2025-07-03,81361.331,8852104676.666899
2025-07-04,81592.75454006968,8851528426.536247
2025-07-05,79712.04474216029,8612094215.49593
2025-07-06,79294.583,8575978753.0322
2025-07-07,78989.4394076655,8573925719.476141
2025-07-08,78209.037543554,8481812420.634917
2025-07-09,78100.428,8503043517.7296
2025-07-10,85949.29317770035,9633124431.39156
2025-07-11,85104.813,9870379617.4083
2025-07-12,87802.017,10316848232.475773
2025-07-13,88029.021,10333673957.7774
2025-07-14,92059.79228571428,11117998851.992054
2025-07-15,91851.69247386759,10776864213.549152
2025-07-16,89989.52885017422,10671599505.888994
2025-07-17,89544.46,10619801515.020391
2025-07-18,89608.477,10679233620.0382
2025-07-19,88464.05886062718,10441433425.906689
2025-07-20,88258.40677003484,10416440829.257044
2025-07-21,86429.63117770036,10204141660.602406
2025-07-22,90303.941,10595459874.304562
2025-07-23,90080.732,10809120331.3884
2025-07-24,87174.598,10348801639.673
2025-07-25,89595.196,10597615447.0268
2025-07-26,90068.3992369338,10605628749.55429
2025-07-27,89294.413,10526855842.4809
2025-07-28,90391.576,10794511818.945095
2025-07-29,91809.746,10837393360.979504
2025-07-30,90920.02297212543,10705082150.520401
2025-07-31,91480.686,10773947547.631638
2025-08-01,90242.852,10441293601.323362
2025-08-02,87713.7827979094,9937941652.68611
2025-08-03,85850.58340418118,9766091324.822063
2025-08-04,85109.73717770034,9761550344.481487
2025-08-05,84632.10806968641,9652386171.909079
2025-08-06,83755.57844599303,9579936422.908445
2025-08-07,83861.7906933798,9713994726.612328
2025-08-08,82983.91,9743962413.809
2025-08-09,83405.57551916376,9736761118.988335
2025-08-10,85741.77099303136,10134251393.130058
2025-08-11,91943.08562369338,11066906111.214457
2025-08-12,89725.76,10645255106.39375
2025-08-13,88969.703,10683570905.943
2025-08-14,93245.38,11499383918.582
2025-08-15,90918.73356097561,10740781539.958038
2025-08-16,89022.785,10440774775.66448
2025-08-17,90041.30129268293,10611945901.139732
2025-08-18,88738.1044912892,10273829817.832626
2025-08-19,87486.342,10164478164.3912
2025-08-20,87863.05,9913496421.178354
2025-08-21,85994.263,9822337739.89422
2025-08-22,88811.9176620209,10158563067.423647
2025-08-23,90434.99901045296,10441926286.521236
2025-08-24,91748.224,10585644015.2704
2025-08-25,93742.251,10634702155.3962
2025-08-26,89276.50463414633,9842552948.872236
2025-08-27,89251.985,9970330319.1515
2025-08-28,88137.738,9801568720.307554
2025-08-29,88004.436,9901380762.936428
2025-08-30,89145.425,9657337839.27
2025-08-31,89550.131,9739306586.306452
2025-09-01,89832.067,9720584238.7628
2025-09-02,89802.25401742161,9908700746.898586
2025-09-03,89269.39,9925816193.34423
2025-09-04,90305.298,10083869835.566502
2025-09-05,89210.3387108014,9945124391.886003
2025-09-06,87253.364,9651513408.1872
2025-09-07,87991.53220209059,9759300794.251234
2025-09-08,88888.088,9873777703.128
2025-09-09,91251.688,10221566921.77392
2025-09-10,92140.779,10273687644.4221
2025-09-11,93802.932,10684144188.079056
2025-09-12,92463.62868989547,10674910017.497072
2025-09-13,91691.068,10634183360.9312
2025-09-14,89215.409,10336997617.421158
2025-09-15,87747.168,10110916340.359228
2025-09-16,88379.77549477352,10230358676.371738
2025-09-17,90738.318,10593453633.0414
2025-09-18,87443.421,10178632812.9525
2025-09-19,91079.361,10657880703.866705
2025-09-20,90128.548,10416134961.284142
2025-09-21,89156.294,10308696493.75
2025-09-22,88565.46783972126,10015557728.080505
2025-09-23,87113.659,9809407437.5973
2025-09-24,88285.18819512194,9965946710.168835
2025-09-25,86722.97804181185,9639893717.38394
2025-09-26,85518.80064808362,9350734408.293262
2025-09-27,84921.811,9306474678.309475
2025-09-28,84552.977,9265089596.780594
2025-09-29,86092.045,9652614257.786499
2025-09-30,88735.00186759581,10087350985.831173
2025-10-01,90803.06825087107,10543325152.061155
2025-10-02,92612.05964808362,11045402713.53583
2025-10-03,93675.414,11286126289.2168
2025-10-04,96075.06893379791,11728831870.510662
2025-10-05,96414.139,11795614290.5048
2025-10-06,99288.679,12254873996.3293
2025-10-07,100137.425,12478899605.25543
2025-10-08,93160.662,11299130631.663
2025-10-09,92251.696,11368910594.962025
2025-10-10,96730.266,11760735714.887691
2025-10-11,72613.782,8185170734.604
2025-10-12,74333.79,8219771031.168
2025-10-13,75918.435,8722603038.264
2025-10-14,76672.957,8825969758.8883
2025-10-15,79284.835,8958369721.199501
2025-10-16,78149.26,8651211854.462465
2025-10-17,79755.553,8624248777.906744
2025-10-18,79035.643,8407701052.4398
2025-10-19,81256.0855923345,8756260671.574274
2025-10-20,81902.96819163763,9041832333.735321
2025-10-21,83198.30489198606,9126423902.483614
2025-10-22,82918.324,8976485255.523094
2025-10-23,76748.61369337978,8392642955.224038
2025-10-24,76584.254,8426728856.241555
2025-10-25,78424.04512543554,8734530739.049004
2025-10-26,80647.47287456445,9091771075.364119
2025-10-27,79696.01890940766,9170348837.451607
2025-10-28,78019.129,8899181732.1689
2025-10-29,75821.636,8555778136.48919
2025-10-30,78514.7514076655,8556827177.535364
2025-10-31,75364.444543554,8261619869.120005
2025-11-01,78358.996,8584792196.5712
2025-11-02,76681.148,8438899744.283002
2025-11-03,76022.226,8400309017.078973
2025-11-04,77417.846,8248399242.4394
2025-11-05,81004.805,8216908706.2265
2025-11-06,83888.484,8711448334.657742
2025-11-07,82292.511,8336692202.3616
2025-11-08,86828.889,8969884426.811699
2025-11-09,84871.42241114983,8724768698.042297
2025-11-10,85498.204,8949148311.6024
2025-11-11,86847.449,9202894150.2238
2025-11-12,85642.465,8821820136.904993
2025-11-13,85988.091,8736888776.5278
2025-11-14,91608.828,9130386257.669498
2025-11-15,96562.40465853657,9257561746.71398
2025-11-16,97649.6975783972,9294663916.113379
2025-11-17,98685.164,9299540400.680899
2025-11-18,101318.671,9338177158.8544
2025-11-19,99954.956,9287504651.1564
2025-11-20,100821.312,9227186355.764154
2025-11-21,105044.067,9097192182.318638
2025-11-22,98408.861,8373797978.356544
2025-11-23,98862.435,8372771128.3796015
2025-11-24,95752.28658885017,8348204737.854424
2025-11-25,93201.296,8224813410.722477
2025-11-26,90029.092,7861700429.808
2025-11-27,88994.913,8048699931.72
2025-11-28,90207.005,8235254701.266157
2025-11-29,88852.98289198606,8057024127.30811
2025-11-30,89653.00446689896,8170974926.817142
2025-12-01,89974.77601742161,7744163343.676263
2025-12-02,89363.11768989547,7919625828.477389
2025-12-03,89830.57765853658,8339239641.8629465
2025-12-04,89219.84400696865,8280603390.601794
2025-12-05,88726.30445993031,8063259340.815959
2025-12-06,87574.35090592335,7839468103.578956
2025-12-07,87642.593,7815905093.924899
2025-12-08,87740.16689547038,7986489057.652631
2025-12-09,88413.9921533101,8075561694.019186
2025-12-10,88590.633,8206894496.1072
2025-12-11,87152.24441811845,7894830433.617778
2025-12-12,87102.954,8055272475.6246
2025-12-13,87505.083,7895557387.565101
2025-12-14,88548.99992334495,7920247255.857861
2025-12-15,88545.915,7801176369.899045
2025-12-16,90165.10832055748,7825634131.771426
2025-12-17,89295.71221602787,7753940481.52381
2025-12-18,88358.84102439025,7656474222.268738
2025-12-19,89787.591,7674479220.671382
2025-12-20,91745.30977700348,8090918929.295293
2025-12-21,90860.39860278746,8018778400.714774
2025-12-22,90520.56851567945,8067899578.900035
2025-12-23,91128.1,8070359212.86
2025-12-24,95128.237,8319493461.99265
2025-12-25,92607.063,8114906891.619901
2025-12-26,93185.622,8125075510.985412
2025-12-27,92492.55,8077380422.791199
2025-12-28,91504.247,8038382736.633699
2025-12-29,95502.21402787456,8428737634.10505
2025-12-30,94901.793,8276735511.821603
2025-12-31,94709.619,8377567761.530701
2026-01-01,94612.54284668989,8322249796.950767
2026-01-02,96369.64806271777,8613088573.219833
2026-01-03,96060.34477351916,8648778694.514128
2026-01-04,97583.98096167247,8906152700.565004
2026-01-05,97061.69871428571,9042996305.668297
2026-01-06,94865.49280836237,8856263930.68943
2026-01-07,94642.21348780488,8704442808.680246
2026-01-08,95925.519,8760695391.783901
2026-01-09,97476.175,8876209738.352499
2026-01-10,95976.245,8695835426.657787
2026-01-11,95965.916,8682003291.41695
2026-01-12,96509.081,8780068058.5046
2026-01-13,93404.238,8523532297.307826
2026-01-14,95153.44,9075278370.688
2026-01-15,95688.06037630663,9211112462.961145
2026-01-16,96481.73339721253,9198364551.882425
2026-01-17,95406.36921951218,9089756977.35693
2026-01-18,96664.81352264808,9194554040.499073
2026-01-19,95771.145,8965491236.686499
2026-01-20,94014.515,8704859825.941395
2026-01-21,98893.899,8741300958.339298
2026-01-22,99076.79,8859633939.702126
2026-01-23,99856.03484668989,8947233058.76692
2026-01-24,98288.621,8802610950.4148
2026-01-25,99585.461,8881140017.141184
2026-01-26,102177.978,8852035857.063
2026-01-27,101526.19575261325,8970801924.184162
2026-01-28,101689.14489198606,9088592925.413551
2026-01-29,103851.19685365855,9010618534.954231
2026-01-30,103341.69531010454,8588721467.075774
2026-01-31,102164.487,8603676558.371912
2026-02-01,92414.44398257839,7219821519.152803
2026-02-02,89565.53732752614,6949976570.445878
2026-02-03,88898.293,6996173691.841242
2026-02-04,88991.519,6739541313.5156
2026-02-05,94395.06098954704,6517485961.463223
2026-02-06,92719.687,5831224563.1483
2026-02-07,83584.23515679441,5794903567.373161
2026-02-08,81369.395,5636836736.905389
2026-02-09,80494.101,5660635723.444036
2026-02-10,79812.5455923345,5521926663.367388
2026-02-11,81450.78009407665,5487831751.500728
2026-02-12,80997.519,5432681793.8718
2026-02-13,79782.231,5285030284.5792
2026-02-14,79203.463,5453426457.234442
2026-02-15,77854.50326480836,5411918554.7261715
2026-02-16,76787.80734494774,5257905053.231304
2026-02-17,77531.72841811847,5272343608.66075
2026-02-18,79067.561,5335154839.2799
2026-02-19,80180.36,5327423387.564344
2026-02-20,80783.175,5410372362.45
2026-02-21,80628.5880348432,5491489752.188339
2026-02-22,79827.14221602787,5410724580.173472
2026-02-23,78625.705,5316159105.0175
2026-02-24,79623.121,5146082716.079162
2026-02-25,79207.35102090593,5274437942.671038
2026-02-26,80112.54,5443964929.053371
2026-02-27,78985.37836236933,5256379936.481475
2026-02-28,79180.596,5213380080.169036
2026-03-01,78307.2848989547,5213842251.528187
2026-03-02,79755.95156794426,5371449231.659181
2026-03-03,82214.751,5656522855.3518
2026-03-04,86711.14850174217,6155571933.599802
2026-03-05,91427.871,6643426773.967079
2026-03-06,83431.399,5911950970.558959
2026-03-07,84057.97940418118,5700179762.423902
2026-03-08,83275.22822996516,5589452373.899664
2026-03-09,82092.11,5412771325.09
2026-03-10,81593.011,5580886459.353488
2026-03-11,81711.80248083624,5723264714.395928
2026-03-12,82645.53805574913,5783192732.057028
2026-03-13,86648.20652264808,6209900379.597304
2026-03-14,83969.42595470384,5938692411.112609
2026-03-15,83494.763,5942689659.6672
2026-03-16,86888.07313937282,6399371649.531384
2026-03-17,88359.114,6613707290.641551
2026-03-18,90610.29309407665,6596177315.253202
2026-03-19,87452.17719860627,6140441351.505992
2026-03-20,86874.419,6072083733.190474
2026-03-21,87295.0651533101,6157849071.787776
2026-03-22,87577.31644599303,6016827601.632799
2026-03-23,86869.99612195122,6045132506.333914
2026-03-24,85692.03031707318,6028162491.272839
2026-03-25,86159.608,6076509318.67778
2026-03-26,86871.80124738676,6051007623.1974745
2026-03-27,91594.0841533101,6150841769.850825
2026-03-28,95091.24012543555,6324410405.593284
2026-03-29,95030.65076655052,6323501777.322505
2026-03-30,94223.417,6217661952.7045
2026-03-31,90231.80887804877,6081565562.252085
2026-04-01,89212.452,6087857724.48
2026-04-02,89329.1988118467,5962604126.825955
2026-04-03,90119.344,6026348660.500385
2026-04-04,90276.766,6042223948.38
2026-04-05,91402.972,6148641365.2512
2026-04-06,91034.347,6280741806.0057
2026-04-07,90262.52597212544,6212805805.349452
2026-04-08,87992.192,6328106335.604133
2026-04-09,90980.258,6463611364.815402
2026-04-10,92972.174,6671269465.244076
2026-04-11,97310.91909059233,7097093320.370152
2026-04-12,93965.33724390244,6708828048.225752
2026-04-13,90771.452,6418385830.9036
2026-04-14,97185.5282543554,7237306385.319483
2026-04-15,99507.758,7374211471.3302
2026-04-16,98125.761,7337471529.6882
2026-04-17,97937.095,7356550651.471322
2026-04-18,106822.363,8230152712.15132
2026-04-19,97350.04101742161,7322553063.068914
2026-04-20,94757.8600522648,7122101615.893176
2026-04-21,95217.06777003485,7223078597.98748
2026-04-22,101402.35179094077,7923531595.190566
2026-04-23,103867.514,8116627561.606857
2026-04-24,97283.7019825784,7567051101.754523
2026-04-25,96175.274,7443571888.9766
2026-04-26,95901.376,7440508256.96
2026-04-27,96213.831,7563436604.5917
