date,asset_open,asset_high,asset_low,asset_close,asset_volume
2021-06-17,40.5,40.5,38.219,39.25,202117.954
2021-06-18,39.321,39.45,35.0,36.842,471361.712
2021-06-19,36.875,37.361,34.977,35.2,263002.615
2021-06-20,35.2,35.954,31.324,35.271,287189.023
2021-06-21,35.286,35.532,26.0,26.625,836374.38
2021-06-22,26.631,28.773,20.181,26.982,1438737.713
2021-06-23,26.979,32.957,25.682,30.838,1145606.989
2021-06-24,30.851,33.0,28.477,31.187,883030.908
2021-06-25,31.201,32.98,27.93,28.646,646762.929
2021-06-26,28.6,30.121,26.72,29.739,469759.094
2021-06-27,29.739,31.98,29.205,31.92,431491.168
2021-06-28,31.935,34.323,31.01,33.013,459757.887
2021-06-29,33.033,35.829,32.655,33.963,553005.369
2021-06-30,33.951,36.0,31.602,35.565,754720.572
2021-07-01,35.545,35.601,32.182,33.29,541918.057
2021-07-02,33.28,34.1,31.408,33.991,458577.488
2021-07-03,33.991,35.392,33.26,34.558,261802.341
2021-07-04,34.536,35.504,33.582,34.332,243588.038
2021-07-05,34.304,34.479,32.45,32.92,250865.933
2021-07-06,32.922,35.048,32.909,34.217,348023.099
2021-07-07,34.213,38.1,33.83,36.718,902836.013
2021-07-08,36.678,36.962,32.586,33.161,656095.499
2021-07-09,33.163,34.43,32.0,33.335,342965.297
2021-07-10,33.3,34.223,31.069,31.722,317809.595
2021-07-11,31.716,32.551,31.368,32.2,229085.018
2021-07-12,32.191,32.686,30.0,30.749,330887.037
2021-07-13,30.792,31.09,28.831,29.15,338740.808
2021-07-14,29.173,31.468,27.442,31.349,384559.63
2021-07-15,31.33,31.5,28.0,28.594,488220.773
2021-07-16,28.575,29.48,26.204,26.296,336913.017
2021-07-17,26.291,27.822,26.0,26.764,371501.752
2021-07-18,26.743,27.753,26.265,26.696,187697.59
2021-07-19,26.711,26.711,24.0,24.524,704230.827
2021-07-20,24.539,24.993,22.139,23.472,684942.446
2021-07-21,23.489,27.476,22.818,26.691,648433.046
2021-07-22,26.702,28.193,25.935,27.713,533994.037
2021-07-23,27.706,28.704,26.404,28.539,473682.475
2021-07-24,28.554,29.508,28.036,28.65,407701.845
2021-07-25,28.652,28.896,26.556,28.253,450179.708
2021-07-26,28.26,31.103,27.883,28.196,1209188.418
2021-07-27,28.2,29.013,26.909,28.158,704029.709
2021-07-28,28.152,28.782,27.38,27.899,600058.97
2021-07-29,27.894,31.935,27.33,31.295,604801.5
2021-07-30,31.309,33.082,29.998,32.41,995658.776
2021-07-31,32.389,37.0,31.705,36.759,906618.344
2021-08-01,36.8,36.866,33.276,34.198,659610.671
2021-08-02,34.162,35.93,33.03,33.187,731191.72
2021-08-03,33.227,35.878,32.36,34.116,795903.493
2021-08-04,34.116,36.662,33.268,35.794,733114.835
2021-08-05,35.779,38.28,35.483,37.398,830964.109
2021-08-06,37.427,40.453,35.672,39.513,709576.505
2021-08-07,39.52,40.496,37.571,39.516,600846.645
2021-08-08,39.506,39.594,36.92,37.689,383241.282
2021-08-09,37.69,40.023,36.382,38.676,480575.521
2021-08-10,38.679,41.768,38.222,40.691,637857.285
2021-08-11,40.691,43.749,40.634,41.65,705570.472
2021-08-12,41.653,43.49,39.286,41.102,771888.11
2021-08-13,41.126,44.963,40.702,44.9,899382.997
2021-08-14,44.885,44.906,42.8,44.178,356870.109
2021-08-15,44.201,54.778,43.427,53.556,2003802.362
2021-08-16,53.565,69.8,52.3,62.055,3983494.186
2021-08-17,62.087,75.0,58.677,64.169,4654781.901
2021-08-18,64.209,80.55,59.772,72.736,5284962.631
2021-08-19,72.703,75.496,68.339,72.831,2780702.829
2021-08-20,72.803,80.0,70.926,78.746,2237442.953
2021-08-21,78.72,82.044,72.672,73.937,1561200.394
2021-08-22,73.896,77.64,71.321,72.809,919777.031
2021-08-23,72.811,76.783,71.548,75.655,1353786.018
2021-08-24,75.655,79.467,68.595,70.591,2213179.66
2021-08-25,70.503,72.82,66.151,71.986,1664086.031
2021-08-26,72.0,78.372,66.254,74.823,3107777.074
2021-08-27,74.905,88.881,72.577,88.053,2938270.348
2021-08-28,88.087,98.0,85.634,96.246,2092854.72
2021-08-29,96.254,97.836,90.403,94.287,1382531.706
2021-08-30,94.305,116.6,93.722,110.347,4791434.929
2021-08-31,110.347,130.066,103.099,108.29,6557518.475
2021-09-01,108.29,119.68,105.96,110.671,3442549.797
2021-09-02,110.674,132.162,109.203,128.346,3311427.776
2021-09-03,128.339,149.062,128.174,146.524,4579017.233
2021-09-04,146.487,150.721,135.681,138.998,2581545.357
2021-09-05,139.01,145.258,135.011,142.138,1848408.649
2021-09-06,142.137,166.206,137.512,164.316,3112382.442
2021-09-07,164.377,200.0,134.242,173.4,9199937.041
2021-09-08,173.4,198.0,146.69,191.03,6756738.524
2021-09-09,190.927,216.47,180.901,187.908,6536735.823
2021-09-10,187.907,197.489,167.808,179.51,4013536.024
2021-09-11,179.557,193.775,175.3,179.122,2638639.869
2021-09-12,179.122,181.675,170.175,174.272,1620970.25
2021-09-13,174.288,175.153,150.331,169.797,4089808.101
2021-09-14,169.57,171.95,142.0,158.64,4242412.34
2021-09-15,158.64,166.386,153.75,158.433,2604815.418
2021-09-16,158.478,162.95,147.254,152.043,2056945.058
2021-09-17,152.018,153.341,134.1,147.592,3754629.705
2021-09-18,147.619,171.726,144.2,169.336,3950219.334
2021-09-19,169.391,171.06,150.66,152.842,2365355.373
2021-09-20,152.81,153.432,130.275,132.567,4576526.507
2021-09-21,132.622,144.653,116.0,124.3,4647220.266
2021-09-22,124.219,152.408,122.105,148.197,4596483.091
2021-09-23,148.19,152.477,143.021,150.034,2203577.139
2021-09-24,150.0,151.421,128.0,139.308,2948981.097
2021-09-25,139.272,144.09,133.554,136.117,1164823.189
2021-09-26,136.109,140.888,125.0,135.698,1490127.859
2021-09-27,135.632,149.0,133.75,136.35,1726577.772
2021-09-28,136.378,139.484,128.167,132.182,1352512.649
2021-09-29,132.214,140.156,131.101,135.304,1627779.074
2021-09-30,135.241,142.951,134.069,141.358,1465567.481
2021-10-01,141.358,165.0,138.242,161.649,2216533.667
2021-10-02,161.682,175.108,156.24,168.979,1698493.988
2021-10-03,169.057,177.935,165.537,173.129,1326862.196
2021-10-04,173.15,173.151,162.102,167.212,1442327.633
2021-10-05,167.231,170.25,160.0,164.623,1500271.579
2021-10-06,164.679,165.527,150.29,153.922,2138586.249
2021-10-07,153.949,161.5,150.35,154.338,1709809.442
2021-10-08,154.355,169.0,152.368,158.833,1679953.047
2021-10-09,158.858,161.581,154.23,156.827,1039124.53
2021-10-10,156.783,158.554,145.67,147.624,868755.423
2021-10-11,147.637,154.0,140.175,144.853,1380478.104
2021-10-12,144.854,153.626,137.66,152.452,2273847.701
2021-10-13,152.441,155.549,144.344,148.039,1172944.074
2021-10-14,148.068,155.65,147.318,150.016,1147763.989
2021-10-15,150.026,165.268,146.75,163.214,1745195.785
2021-10-16,163.193,164.766,156.578,157.562,663795.43
2021-10-17,157.615,167.5,153.2,160.097,934358.565
2021-10-18,160.132,162.952,155.0,157.15,770654.878
2021-10-19,157.125,159.4,153.183,155.85,701464.136
2021-10-20,155.852,176.89,155.144,176.787,1543942.471
2021-10-21,176.759,194.415,176.759,190.473,3159255.295
2021-10-22,190.501,215.0,188.025,196.247,3388534.536
2021-10-23,196.246,205.719,192.017,197.707,1343191.296
2021-10-24,197.71,205.0,185.313,202.304,1541736.74
2021-10-25,202.303,218.97,198.127,209.6,1982476.011
2021-10-26,209.585,214.163,196.446,199.857,1686387.215
2021-10-27,199.911,205.599,179.761,184.682,2409699.187
2021-10-28,184.682,201.561,181.75,195.377,1854736.75
2021-10-29,195.481,205.307,194.627,200.439,1263193.234
2021-10-30,200.428,200.687,187.51,195.913,890535.465
2021-10-31,195.924,205.264,185.584,202.673,1261559.945
2021-11-01,202.673,211.687,197.85,204.035,1629045.016
2021-11-02,204.061,222.428,201.024,221.168,1588257.618
2021-11-03,221.031,246.884,216.003,243.553,2683716.258
2021-11-04,243.525,250.566,234.421,247.244,1905230.547
2021-11-05,247.202,248.622,230.537,236.364,1200989.781
2021-11-06,236.306,260.0,235.016,258.763,1398599.741
2021-11-07,258.764,258.926,245.8,249.808,1032555.641
2021-11-08,249.807,253.391,240.583,248.422,1451021.989
2021-11-09,248.354,253.259,237.536,239.045,1299758.057
2021-11-10,239.045,248.163,217.0,233.277,1713405.863
2021-11-11,233.2,246.49,229.508,233.498,1187779.661
2021-11-12,233.477,239.0,221.0,228.53,1241944.182
2021-11-13,228.486,242.098,224.919,241.776,972796.74
2021-11-14,241.718,242.07,230.481,238.702,883162.651
2021-11-15,238.735,246.382,234.316,238.218,1106931.928
2021-11-16,238.217,238.219,214.469,219.155,1744298.106
2021-11-17,219.191,222.525,209.943,219.044,1535925.221
2021-11-18,219.04,222.886,186.77,195.252,2542061.849
2021-11-19,195.265,220.0,189.266,215.385,1735514.617
2021-11-20,215.441,221.374,206.0,217.865,912974.488
2021-11-21,217.865,235.584,210.622,230.785,1263272.834
2021-11-22,230.752,232.269,211.757,215.788,1516214.968
2021-11-23,215.768,226.193,211.0,221.97,996750.961
2021-11-24,221.971,222.073,200.14,205.685,1328554.69
2021-11-25,205.752,216.5,202.054,210.139,1140446.083
2021-11-26,210.124,210.647,182.91,192.541,1795806.773
2021-11-27,192.481,199.511,190.627,192.952,900431.578
2021-11-28,192.942,203.009,181.067,200.907,1111076.894
2021-11-29,200.838,212.993,199.863,204.187,1358697.217
2021-11-30,204.205,218.549,199.711,208.676,1473322.714
2021-12-01,208.716,232.492,207.821,229.928,1916110.501
2021-12-02,229.928,243.564,220.113,233.845,1719258.938
2021-12-03,233.808,239.609,204.12,211.757,1971563.509
2021-12-04,211.701,213.0,176.0,201.114,2648346.229
2021-12-05,201.102,204.78,181.5,196.687,1710785.646
2021-12-06,196.758,197.875,176.45,193.751,2062628.303
2021-12-07,193.721,204.338,188.06,190.366,1738173.838
2021-12-08,190.417,196.506,183.76,194.792,1707539.478
2021-12-09,194.792,196.818,178.775,181.45,1346359.338
2021-12-10,181.46,184.72,167.45,167.77,1335781.798
2021-12-11,167.63,173.88,161.51,172.16,1259115.513
2021-12-12,172.27,176.95,167.8,172.93,792419.535
2021-12-13,172.93,172.98,148.03,155.19,2224126.918
2021-12-14,155.19,163.36,149.65,161.38,1763261.675
2021-12-15,161.34,186.0,156.94,178.57,2218266.499
2021-12-16,178.59,189.61,174.11,176.94,1456114.276
2021-12-17,176.92,182.51,168.03,175.55,1462028.527
2021-12-18,175.58,184.39,171.01,182.91,762711.591
2021-12-19,182.91,189.42,178.31,179.95,708599.394
2021-12-20,179.99,181.32,168.3,174.06,1184480.85
2021-12-21,174.06,182.78,170.27,179.75,1095742.741
2021-12-22,179.75,187.56,177.12,178.45,1420559.727
2021-12-23,178.45,193.76,175.66,190.07,1203505.033
2021-12-24,190.11,197.59,184.1,190.65,1139099.939
2021-12-25,190.66,195.5,189.26,193.06,728943.776
2021-12-26,193.1,200.69,190.31,198.0,651526.772
2021-12-27,198.0,204.9,194.83,195.74,684157.58
2021-12-28,195.77,195.77,176.23,177.27,1645166.555
2021-12-29,177.32,180.65,170.05,170.64,1052634.264
2021-12-30,170.63,175.79,168.07,172.52,832588.309
2021-12-31,172.52,177.7,167.63,169.88,1027181.499
2022-01-01,169.98,179.25,169.93,179.21,668801.918
2022-01-02,179.19,179.56,174.41,176.32,454754.536
2022-01-03,176.33,176.46,166.73,170.13,616180.271
2022-01-04,170.19,173.88,166.5,167.72,609318.067
2022-01-05,167.72,171.34,145.0,154.44,1428526.991
2022-01-06,154.47,154.82,145.76,150.23,1335911.439
2022-01-07,150.26,150.73,133.31,136.37,1985727.527
2022-01-08,136.38,148.14,133.0,142.17,1482968.877
2022-01-09,142.11,145.71,137.87,140.83,774949.672
2022-01-10,140.82,143.76,130.0,135.89,1406373.762
2022-01-11,135.89,143.57,133.6,140.27,1082174.284
2022-01-12,140.27,153.4,138.29,151.56,1264515.147
2022-01-13,151.56,157.94,145.56,146.24,1051991.274
2022-01-14,146.21,150.65,142.0,146.17,923441.925
2022-01-15,146.17,149.6,144.0,147.78,654293.685
2022-01-16,147.71,152.0,146.16,147.98,558143.511
2022-01-17,148.02,148.3,137.14,139.85,834016.223
2022-01-18,139.86,143.04,134.34,141.35,788958.148
2022-01-19,141.4,142.79,132.8,135.33,870615.327
2022-01-20,135.34,143.96,126.0,127.52,1033466.745
2022-01-21,127.52,131.95,106.0,112.32,3664908.809
2022-01-22,112.34,114.27,88.25,94.78,3819600.91
2022-01-23,94.79,104.83,93.36,99.82,2076423.608
2022-01-24,99.79,99.95,80.83,91.96,4000160.424
2022-01-25,91.95,100.24,87.45,94.76,2346730.741
2022-01-26,94.77,104.85,89.26,92.18,2788797.827
2022-01-27,92.17,94.7,85.65,89.55,2302786.261
2022-01-28,89.55,93.58,87.21,91.35,1948462.461
2022-01-29,91.34,99.01,90.59,96.25,1393732.487
2022-01-30,96.24,97.63,91.46,93.31,869103.443
2022-01-31,93.29,101.41,88.95,99.52,1849697.043
2022-02-01,99.57,113.89,99.04,110.1,2923656.19
2022-02-02,110.11,112.48,96.87,101.99,2936803.929
2022-02-03,101.97,103.22,94.07,101.93,1997899.761
2022-02-04,101.93,112.9,100.36,112.69,2073025.293
2022-02-05,112.68,118.69,110.29,113.8,1453882.683
2022-02-06,113.78,116.11,111.51,115.32,729482.205
2022-02-07,115.37,121.99,112.81,117.62,1626448.566
2022-02-08,117.64,120.4,109.68,113.58,1597102.223
2022-02-09,113.56,117.22,109.35,114.04,1085178.663
2022-02-10,114.07,114.98,105.64,106.25,1356677.153
2022-02-11,106.24,108.59,95.17,96.5,1963777.687
2022-02-12,96.5,99.93,92.78,95.95,957223.752
2022-02-13,95.99,97.41,91.38,92.92,732921.459
2022-02-14,92.89,97.97,90.79,96.43,1202598.173
2022-02-15,96.43,105.86,96.35,105.61,1241413.09
2022-02-16,105.63,105.67,98.28,101.94,1112350.976
2022-02-17,101.92,102.88,92.38,93.56,1047996.018
2022-02-18,93.62,96.45,89.29,89.9,1008445.149
2022-02-19,89.88,92.79,88.69,91.34,544366.872
2022-02-20,91.34,93.96,85.62,90.78,1048000.211
2022-02-21,90.77,96.16,82.69,82.97,1582025.168
2022-02-22,83.0,87.71,81.0,86.43,1381458.943
2022-02-23,86.46,93.42,84.41,84.64,1395297.483
2022-02-24,84.64,93.69,75.36,89.41,2892979.566
2022-02-25,89.41,95.04,86.87,92.84,1622465.982
2022-02-26,92.81,95.2,89.28,90.32,901920.112
2022-02-27,90.32,92.24,84.1,85.7,1032013.604
2022-02-28,85.68,102.65,84.19,99.74,1946030.634
2022-03-01,99.76,102.1,94.29,98.7,1897344.742
2022-03-02,98.7,106.45,96.81,100.73,1881472.326
2022-03-03,100.75,101.73,93.99,95.61,1139796.416
2022-03-04,95.6,95.97,86.95,88.32,1167506.936
2022-03-05,88.34,91.24,86.0,89.62,617749.912
2022-03-06,89.61,89.95,84.09,84.57,566883.891
2022-03-07,84.59,86.73,80.0,81.66,1102085.663
2022-03-08,81.65,85.35,81.31,82.35,928245.38
2022-03-09,82.34,89.93,81.92,88.1,1283886.667
2022-03-10,88.07,88.65,80.77,82.92,1057641.281
2022-03-11,82.92,84.37,80.09,80.7,900378.73
2022-03-12,80.71,82.78,80.57,81.44,371641.908
2022-03-13,81.44,83.33,77.74,78.75,558078.334
2022-03-14,78.75,82.28,78.02,81.24,775099.562
2022-03-15,81.22,86.02,78.78,82.85,853443.184
2022-03-16,82.85,88.02,81.53,87.82,1126479.271
2022-03-17,87.84,91.09,86.62,87.88,1106069.744
2022-03-18,87.89,92.45,84.5,89.87,1176382.856
2022-03-19,89.88,94.63,89.28,92.39,943847.218
2022-03-20,92.38,92.61,87.87,88.64,667407.406
2022-03-21,88.64,91.32,86.79,88.62,897871.126
2022-03-22,88.6,94.0,88.0,90.48,992507.294
2022-03-23,90.47,96.34,89.17,94.87,1260667.232
2022-03-24,94.9,103.77,93.43,102.38,2062946.255
2022-03-25,102.38,104.89,96.75,98.63,1516183.924
2022-03-26,98.62,103.43,97.65,101.79,716407.603
2022-03-27,101.81,107.5,98.82,107.09,838320.181
2022-03-28,107.09,113.87,105.14,105.84,1741882.056
2022-03-29,105.83,115.7,105.52,111.64,1647686.314
2022-03-30,111.66,125.27,107.07,120.79,2190231.665
2022-03-31,120.8,129.6,119.96,122.86,1986655.349
2022-04-01,122.83,138.46,117.5,134.55,2236695.345
2022-04-02,134.55,143.57,131.31,132.61,1557131.515
2022-04-03,132.55,141.05,130.62,136.94,1090905.579
2022-04-04,136.93,138.28,125.84,132.16,1485443.685
2022-04-05,132.19,136.68,126.01,126.9,1207150.956
2022-04-06,126.9,127.44,112.14,112.94,2080805.766
2022-04-07,112.9,119.96,110.93,118.52,1383645.112
2022-04-08,118.44,122.48,108.11,109.97,1322246.277
2022-04-09,109.98,113.71,108.3,112.99,632226.993
2022-04-10,113.02,116.07,109.81,111.07,646989.292
2022-04-11,111.05,111.99,98.13,99.7,1691681.478
2022-04-12,99.64,109.44,98.39,103.31,1556051.358
2022-04-13,103.29,106.08,100.03,104.95,964772.361
2022-04-14,104.98,107.71,98.56,100.76,1048844.817
2022-04-15,100.78,102.9,99.54,101.39,555844.153
2022-04-16,101.39,103.49,100.8,102.08,415184.752
2022-04-17,102.08,105.47,99.66,100.18,508933.192
2022-04-18,100.15,102.68,94.69,102.39,973263.719
2022-04-19,102.36,108.88,101.08,108.55,1018046.98
2022-04-20,108.53,110.95,104.27,105.59,1023366.946
2022-04-21,105.6,110.0,99.93,101.78,1432875.432
2022-04-22,101.78,103.55,99.18,100.55,842001.329
2022-04-23,100.54,102.94,98.38,100.66,400262.459
2022-04-24,100.66,102.26,98.62,99.25,386782.327
2022-04-25,99.26,101.64,94.42,100.99,869479.773
2022-04-26,100.99,102.0,94.66,95.74,750029.796
2022-04-27,95.74,100.76,94.9,98.35,747646.993
2022-04-28,98.35,100.55,96.32,98.22,707055.788
2022-04-29,98.2,98.67,92.28,93.91,838274.987
2022-04-30,93.91,94.96,82.08,84.69,805595.886
2022-05-01,84.69,93.11,84.19,89.65,970718.225
2022-05-02,89.65,90.88,85.06,87.45,928309.702
2022-05-03,87.47,88.79,84.47,85.85,637294.21
2022-05-04,85.85,93.08,85.46,92.76,955125.782
2022-05-05,92.76,95.18,81.24,84.52,1465406.092
2022-05-06,84.52,84.82,80.0,81.66,1604726.333
2022-05-07,81.66,82.3,77.12,78.83,781297.866
2022-05-08,78.85,79.39,73.68,75.34,1166313.241
2022-05-09,75.33,77.19,61.69,62.13,3288158.16
2022-05-10,62.11,74.09,60.06,66.86,3955658.554
2022-05-11,66.88,68.42,43.1,50.82,6151638.736
2022-05-12,50.81,55.77,36.34,44.65,5606361.896
2022-05-13,44.65,57.0,43.82,48.89,4120711.949
2022-05-14,48.89,53.8,45.82,52.37,1892179.899
2022-05-15,52.39,59.24,49.56,58.82,1771533.758
2022-05-16,58.78,58.78,51.76,53.69,2133262.408
2022-05-17,53.74,58.19,53.0,57.02,1752398.912
2022-05-18,56.98,57.82,49.36,49.87,2225836.024
2022-05-19,49.86,54.0,48.19,52.13,2462533.38
2022-05-20,52.14,53.59,47.75,49.37,2318426.011
2022-05-21,49.37,51.17,48.35,50.25,1028955.913
2022-05-22,50.24,53.11,49.62,52.44,1060895.333
2022-05-23,52.42,54.65,48.57,49.11,2021892.629
2022-05-24,49.11,50.8,47.01,49.64,2592121.87
2022-05-25,49.62,50.5,47.51,47.94,1540229.238
2022-05-26,47.91,48.6,41.65,43.42,3092451.31
2022-05-27,43.4,43.91,39.93,41.09,4009076.771
2022-05-28,41.13,45.04,40.19,44.2,1840898.45
2022-05-29,44.18,45.62,41.76,44.91,2309313.865
2022-05-30,44.94,48.37,44.22,47.2,2818184.08
2022-05-31,47.18,48.18,44.53,45.75,2839817.303
2022-06-01,45.75,46.16,39.56,40.1,2979253.261
2022-06-02,40.1,41.61,38.1,40.82,3031513.309
2022-06-03,40.83,41.51,37.59,38.23,2686200.852
2022-06-04,38.24,39.48,35.66,38.99,2191729.416
2022-06-05,38.98,40.21,37.81,38.49,1739674.922
2022-06-06,38.48,44.84,38.29,42.35,3792602.761
2022-06-07,42.35,42.5,37.4,39.28,3619479.251
2022-06-08,39.29,40.92,38.26,38.79,2296147.662
2022-06-09,38.81,42.04,38.41,39.93,2072006.692
2022-06-10,39.92,40.88,36.71,37.14,2358837.817
2022-06-11,37.14,37.9,33.14,33.91,2257632.25
2022-06-12,33.9,34.62,30.52,30.56,3030810.842
2022-06-13,30.55,31.07,26.0,28.58,7468654.772
2022-06-14,28.56,32.23,25.84,29.54,5543109.615
2022-06-15,29.55,34.79,26.74,34.72,5290765.187
2022-06-16,34.72,36.0,29.5,30.1,4183707.674
2022-06-17,30.07,32.1,29.23,30.69,2519513.821
2022-06-18,30.69,32.04,27.1,32.01,3124460.855
2022-06-19,32.03,35.32,28.67,34.15,2606604.954
2022-06-20,34.16,36.86,31.67,35.22,3001493.08
2022-06-21,35.22,39.2,34.18,36.36,2810329.366
2022-06-22,36.39,36.86,33.59,34.1,2731513.354
2022-06-23,34.11,38.6,33.89,38.13,2780846.364
2022-06-24,38.13,42.9,37.64,41.88,2560486.103
2022-06-25,41.85,42.6,39.71,42.2,1549750.328
2022-06-26,42.22,42.46,39.15,39.39,1827619.155
2022-06-27,39.39,41.25,37.85,38.5,1971250.281
2022-06-28,38.46,39.86,35.04,35.3,2473840.73
2022-06-29,35.29,36.07,33.04,33.95,3015140.842
2022-06-30,34.03,34.16,30.79,33.74,3236065.933
2022-07-01,33.75,35.38,31.78,32.82,3200905.855
2022-07-02,32.81,34.1,31.82,33.33,1212267.288
2022-07-03,33.33,33.65,32.11,33.36,844106.869
2022-07-04,33.35,36.92,32.4,36.69,1606509.06
2022-07-05,36.68,36.94,33.1,35.37,2771486.134
2022-07-06,35.37,37.61,34.74,37.01,2177614.016
2022-07-07,37.02,39.29,36.35,38.43,1930729.754
2022-07-08,38.45,39.7,36.42,38.1,2103760.695
2022-07-09,38.12,38.91,37.73,38.08,1003186.813
2022-07-10,38.05,38.17,36.15,36.69,862822.585
2022-07-11,36.69,36.73,33.22,33.41,1860464.77
2022-07-12,33.4,34.58,32.57,32.66,1540873.392
2022-07-13,32.66,35.07,31.75,34.94,2334630.743
2022-07-14,34.93,37.28,33.55,37.12,2807539.524
2022-07-15,37.11,39.09,36.49,37.37,2307841.877
2022-07-16,37.36,40.55,36.35,39.6,1951738.613
2022-07-17,39.57,41.08,38.28,38.63,1983918.227
2022-07-18,38.59,44.08,38.54,43.55,2946469.767
2022-07-19,43.56,47.4,42.55,44.88,3735774.187
2022-07-20,44.86,46.34,41.05,42.05,3828173.241
2022-07-21,42.03,44.06,39.65,43.1,3732499.872
2022-07-22,43.09,44.34,40.03,40.55,2514775.472
2022-07-23,40.55,41.94,38.58,39.98,1743196.352
2022-07-24,39.98,42.12,39.47,40.94,1308475.081
2022-07-25,40.93,41.11,36.56,36.64,2496118.191
2022-07-26,36.66,36.83,34.68,36.29,2259247.957
2022-07-27,36.29,40.57,35.69,40.24,2566122.991
2022-07-28,40.23,44.19,39.06,42.93,3152615.345
2022-07-29,42.94,44.46,41.13,41.94,2237481.038
2022-07-30,41.92,46.72,41.45,43.84,2469748.859
2022-07-31,43.86,45.25,42.25,42.38,1423055.212
2022-08-01,42.37,43.29,40.58,41.67,1527838.856
2022-08-02,41.67,42.46,39.5,39.81,1608604.32
2022-08-03,39.81,41.11,37.48,38.55,4046294.278
2022-08-04,38.54,39.84,37.91,38.82,1686158.999
2022-08-05,38.83,41.37,38.7,40.54,1639176.512
2022-08-06,40.57,40.92,39.82,40.07,714034.396
2022-08-07,40.07,41.58,39.22,40.62,804147.693
2022-08-08,40.62,43.71,40.56,42.2,1422832.348
2022-08-09,42.18,42.76,39.75,40.35,1322118.853
2022-08-10,40.34,42.86,39.14,42.5,1948219.87
2022-08-11,42.48,45.4,42.32,42.8,1875571.03
2022-08-12,42.8,45.53,42.15,45.5,1539437.128
2022-08-13,45.53,48.39,45.3,46.63,2101318.236
2022-08-14,46.64,48.09,44.49,44.89,1503386.665
2022-08-15,44.87,47.25,42.67,43.72,2103918.573
2022-08-16,43.73,44.32,42.55,43.09,1472622.283
2022-08-17,43.08,44.74,40.18,40.55,2600144.556
2022-08-18,40.54,41.68,39.34,39.51,1777087.918
2022-08-19,39.5,39.6,35.25,35.82,4104718.773
2022-08-20,35.8,37.27,34.21,35.29,3085537.35
2022-08-21,35.29,37.05,34.5,36.48,2257083.742
2022-08-22,36.48,36.55,33.76,35.43,2479475.824
2022-08-23,35.43,36.1,34.24,35.67,1474061.897
2022-08-24,35.67,36.42,34.3,34.88,1620080.182
2022-08-25,34.89,36.49,34.86,35.25,1352145.129
2022-08-26,35.25,35.81,31.38,31.74,2293457.131
2022-08-27,31.75,32.27,30.88,31.54,1350999.279
2022-08-28,31.53,32.22,30.19,30.45,1074326.265
2022-08-29,30.42,32.67,30.01,32.41,1928017.516
2022-08-30,32.42,33.16,30.63,31.48,1934635.059
2022-08-31,31.48,32.97,31.18,31.5,1416589.217
2022-09-01,31.5,31.79,30.33,31.62,1049100.593
2022-09-02,31.62,32.4,30.77,31.24,1130616.327
2022-09-03,31.24,31.29,30.81,31.12,553253.522
2022-09-04,31.12,32.2,31.03,32.17,579463.366
2022-09-05,32.16,32.52,31.14,32.18,749872.35
2022-09-06,32.18,33.88,30.44,30.87,1682690.16
2022-09-07,30.88,32.96,30.31,32.7,1058430.671
2022-09-08,32.69,33.98,32.0,33.62,1108485.712
2022-09-09,33.62,35.99,33.59,34.69,1734172.376
2022-09-10,34.69,35.43,34.28,35.07,913891.919
2022-09-11,35.07,36.03,34.07,35.01,946792.099
2022-09-12,35.0,38.37,34.42,37.46,1976355.992
2022-09-13,37.43,38.99,32.93,33.01,2511479.042
2022-09-14,33.01,34.35,32.7,34.12,1160674.361
2022-09-15,34.11,34.92,32.42,33.07,1136770.838
2022-09-16,33.08,33.26,31.5,32.23,1108193.839
2022-09-17,32.23,33.89,32.21,33.69,515266.684
2022-09-18,33.71,33.99,30.87,31.1,853714.325
2022-09-19,31.1,33.09,30.5,32.65,1305919.29
2022-09-20,32.64,32.89,31.3,31.42,1054722.436
2022-09-21,31.43,33.48,30.04,30.68,1646186.945
2022-09-22,30.67,32.86,30.58,32.42,1103000.076
2022-09-23,32.41,33.96,31.2,33.66,1629198.201
2022-09-24,33.67,34.76,33.13,33.38,1351967.919
2022-09-25,33.39,34.04,31.87,32.33,1040971.341
2022-09-26,32.32,33.97,31.86,33.89,1559340.038
2022-09-27,33.89,35.44,32.06,32.68,2082816.254
2022-09-28,32.69,33.81,31.62,33.24,1604988.81
2022-09-29,33.25,34.43,32.64,33.93,1554260.932
2022-09-30,33.94,35.22,32.62,33.26,2012025.12
2022-10-01,33.25,33.25,32.36,32.44,730202.408
2022-10-02,32.44,33.03,31.9,32.05,937771.987
2022-10-03,32.05,33.27,31.74,32.9,1231914.347
2022-10-04,32.9,34.43,32.84,34.1,1165281.59
2022-10-05,34.11,34.39,33.2,34.05,1302703.128
2022-10-06,34.04,34.5,33.24,33.37,1438451.589
2022-10-07,33.36,33.78,32.43,32.96,1107845.75
2022-10-08,32.96,33.07,32.36,32.57,612258.418
2022-10-09,32.58,33.14,32.45,32.93,472428.224
2022-10-10,32.92,33.46,31.88,31.95,893992.194
2022-10-11,31.95,31.95,30.42,30.8,1134335.169
2022-10-12,30.79,31.54,30.67,31.16,581185.337
2022-10-13,31.15,31.21,27.75,30.49,2271300.154
2022-10-14,30.49,31.98,29.62,29.99,1286710.556
2022-10-15,29.99,30.21,29.43,29.6,631394.375
2022-10-16,29.59,30.53,29.56,30.15,391930.898
2022-10-17,30.16,31.29,29.83,31.22,790359.204
2022-10-18,31.22,31.49,29.73,30.15,1067640.461
2022-10-19,30.14,30.27,28.61,28.85,875877.795
2022-10-20,28.86,29.47,27.97,28.01,1211955.443
2022-10-21,28.01,28.3,26.84,28.11,1342457.044
2022-10-22,28.11,28.24,27.49,28.02,475932.31
2022-10-23,28.02,29.43,27.74,29.29,731958.428
2022-10-24,29.29,29.49,28.16,28.31,824434.194
2022-10-25,28.31,32.38,28.05,30.87,2229626.612
2022-10-26,30.87,32.25,30.64,31.29,1604506.109
2022-10-27,31.28,32.36,30.46,30.58,1691679.272
2022-10-28,30.58,32.56,30.12,32.07,1454999.869
2022-10-29,32.07,33.85,31.86,32.87,1591530.896
2022-10-30,32.88,33.54,31.94,32.94,977455.54
2022-10-31,32.94,34.39,32.2,32.56,1734326.828
2022-11-01,32.56,33.39,32.15,32.2,998877.174
2022-11-02,32.2,32.95,30.23,30.83,1617822.468
2022-11-03,30.82,32.25,30.61,30.86,993856.099
2022-11-04,30.85,34.21,30.66,33.74,2001333.386
2022-11-05,33.73,38.79,33.67,36.9,2736303.262
2022-11-06,36.9,37.06,32.32,32.61,1752971.233
2022-11-07,32.6,33.14,28.17,29.64,3737409.764
2022-11-08,29.63,31.78,22.51,24.33,12204501.118
2022-11-09,24.33,24.65,12.09,13.97,15826107.02
2022-11-10,13.95,19.16,12.68,17.6,10381219.777
2022-11-11,17.6,18.27,15.11,16.31,5329442.946
2022-11-12,16.31,16.36,14.44,14.57,2761075.637
2022-11-13,14.57,14.71,13.0,13.18,3284218.155
2022-11-14,13.17,14.99,12.22,13.98,4509293.033
2022-11-15,13.98,15.1,13.79,14.29,3269212.988
2022-11-16,14.28,14.61,13.62,14.26,1983861.269
2022-11-17,14.26,14.52,12.92,13.64,3439111.563
2022-11-18,13.64,13.87,12.97,13.25,1968030.299
2022-11-19,13.24,13.26,12.57,12.82,1398269.082
2022-11-20,12.84,13.57,12.11,12.26,1837628.171
2022-11-21,12.25,12.28,11.26,11.82,3081770.635
2022-11-22,11.81,12.5,10.94,12.43,3317958.553
2022-11-23,12.43,14.5,12.38,14.32,4841570.821
2022-11-24,14.32,14.94,13.84,14.59,3153495.582
2022-11-25,14.59,14.6,13.89,14.02,1974948.284
2022-11-26,14.03,14.96,13.95,14.17,1767390.441
2022-11-27,14.17,14.44,14.04,14.11,1543338.098
2022-11-28,14.11,14.17,12.78,13.33,3382198.938
2022-11-29,13.32,13.95,13.14,13.35,1738806.564
2022-11-30,13.34,14.33,13.22,14.17,2567266.208
2022-12-01,14.18,14.19,13.4,13.52,1438355.755
2022-12-02,13.52,13.83,13.33,13.72,1175125.874
2022-12-03,13.71,13.77,13.22,13.3,674142.321
2022-12-04,13.29,13.75,13.27,13.71,666882.26
2022-12-05,13.71,14.17,13.58,13.82,1461229.847
2022-12-06,13.82,14.39,13.81,14.29,1587523.246
2022-12-07,14.3,14.33,13.42,13.5,1380959.193
2022-12-08,13.5,13.78,13.27,13.69,908877.189
2022-12-09,13.68,14.02,13.49,13.58,1041201.688
2022-12-10,13.58,13.73,13.54,13.57,425161.933
2022-12-11,13.57,13.8,13.38,13.42,626288.943
2022-12-12,13.42,13.49,12.81,13.33,1674051.897
2022-12-13,13.33,14.16,12.78,13.89,2034265.984
2022-12-14,13.89,14.96,13.79,14.12,3185411.065
2022-12-15,14.13,14.53,13.86,14.05,1934946.066
2022-12-16,14.04,14.17,11.98,12.24,3676007.161
2022-12-17,12.25,12.56,11.93,12.51,2470704.722
2022-12-18,12.51,12.61,12.27,12.37,1215770.911
2022-12-19,12.37,12.59,11.67,11.94,2585715.1
2022-12-20,11.93,12.48,11.83,12.26,2075643.815
2022-12-21,12.26,12.29,11.9,12.14,1642451.607
2022-12-22,12.14,12.19,11.67,11.8,1943961.095
2022-12-23,11.8,12.11,11.71,11.78,1472492.254
2022-12-24,11.78,11.79,11.1,11.45,2335821.784
2022-12-25,11.45,11.55,11.23,11.39,813306.064
2022-12-26,11.39,11.49,11.06,11.33,1299684.337
2022-12-27,11.34,11.45,10.71,11.09,2051343.981
2022-12-28,11.1,11.12,9.41,9.76,6626516.939
2022-12-29,9.77,10.89,8.0,9.64,8907754.307
2022-12-30,9.64,10.27,9.03,9.92,10872675.109
2022-12-31,9.91,10.2,9.66,9.97,3172985.413
2023-01-01,9.96,10.08,9.68,9.99,2293379.845
2023-01-02,9.98,12.0,9.79,11.29,5627741.8
2023-01-03,11.28,13.91,11.0,13.39,8002676.452
2023-01-04,13.38,14.25,12.81,13.42,8093174.994
2023-01-05,13.41,13.87,12.94,13.43,3743729.074
2023-01-06,13.42,13.6,12.68,13.5,3748066.142
2023-01-07,13.5,13.51,13.01,13.1,1381567.828
2023-01-08,13.09,14.89,12.85,14.47,3623814.468
2023-01-09,14.45,17.56,14.27,16.25,12215215.147
2023-01-10,16.25,16.73,15.57,16.21,5500824.158
2023-01-11,16.2,16.61,15.28,16.36,3789589.067
2023-01-12,16.37,17.0,15.57,16.6,4903089.036
2023-01-13,16.59,18.63,16.3,18.3,5382618.488
2023-01-14,18.3,24.75,18.21,24.25,13699190.694
2023-01-15,24.26,25.0,21.97,22.88,5806747.641
2023-01-16,22.9,25.0,22.25,23.59,6351359.383
2023-01-17,23.58,23.98,22.7,22.86,3157413.968
2023-01-18,22.86,23.64,20.22,20.78,5296878.792
2023-01-19,20.77,21.88,20.41,21.39,3145864.668
2023-01-20,21.39,25.83,20.93,25.51,5211914.697
2023-01-21,25.5,26.47,24.32,24.56,6225647.975
2023-01-22,24.56,25.44,23.49,24.22,4099364.09
2023-01-23,24.23,24.93,23.71,24.34,3372343.385
2023-01-24,24.34,25.23,22.36,22.77,2659931.339
2023-01-25,22.76,25.43,22.21,24.53,3807162.525
2023-01-26,24.53,25.23,23.77,24.35,2212282.462
2023-01-27,24.35,24.96,23.32,24.44,2571143.469
2023-01-28,24.42,25.21,23.72,24.01,1343086.172
2023-01-29,24.01,26.77,23.72,26.07,2914776.665
2023-01-30,26.07,26.33,23.29,23.96,3260422.376
2023-01-31,23.96,24.46,23.48,23.93,1703248.434
2023-02-01,23.92,25.21,22.49,25.0,3264118.901
2023-02-02,25.0,26.15,24.04,24.32,3151936.046
2023-02-03,24.33,25.31,24.05,24.69,2025301.094
2023-02-04,24.69,24.95,24.18,24.34,602899.251
2023-02-05,24.33,24.48,23.03,23.48,1244154.212
2023-02-06,23.47,23.74,22.5,22.65,1086129.31
2023-02-07,22.65,23.97,22.54,23.84,1554485.214
2023-02-08,23.83,24.2,22.8,23.23,1190976.851
2023-02-09,23.22,23.35,19.99,20.48,2128922.411
2023-02-10,20.49,21.23,19.71,20.11,1727086.404
2023-02-11,20.11,20.93,20.11,20.83,751725.124
2023-02-12,20.82,22.53,20.63,21.49,1287936.818
2023-02-13,21.51,21.61,19.76,20.8,1888641.862
2023-02-14,20.8,22.4,20.68,21.84,2121794.069
2023-02-15,21.84,23.99,21.46,23.87,1887734.758
2023-02-16,23.87,24.17,22.2,22.25,2517614.431
2023-02-17,22.25,23.56,22.03,23.16,1522464.606
2023-02-18,23.16,23.94,22.93,23.46,884699.901
2023-02-19,23.47,25.65,23.21,24.85,2292422.983
2023-02-20,24.83,27.12,24.12,26.27,3398578.065
2023-02-21,26.26,26.62,24.48,24.98,2068378.627
2023-02-22,24.98,25.24,23.22,24.17,2305789.717
2023-02-23,24.17,24.71,23.6,23.92,1200618.478
2023-02-24,23.92,24.15,22.45,23.07,1334551.821
2023-02-25,23.07,23.34,21.43,22.38,926127.05
2023-02-26,22.38,23.54,22.22,23.27,740786.347
2023-02-27,23.26,23.41,22.32,22.66,1407654.209
2023-02-28,22.67,22.75,21.75,21.89,1158994.493
2023-03-01,21.89,22.92,21.65,22.51,923812.166
2023-03-02,22.5,22.66,21.67,22.0,942244.533
2023-03-03,22.01,22.01,20.35,21.42,1693949.31
2023-03-04,21.43,21.62,20.32,20.98,441641.679
2023-03-05,20.99,21.71,20.84,20.96,1324542.922
2023-03-06,20.96,21.18,20.47,20.62,1489046.717
2023-03-07,20.63,20.96,19.71,20.24,2129571.604
2023-03-08,20.24,20.38,18.11,18.42,3497335.508
2023-03-09,18.41,18.77,16.7,17.35,4688354.681
2023-03-10,17.34,18.43,16.01,18.23,6358773.822
2023-03-11,18.23,19.15,17.04,18.21,2667869.494
2023-03-12,18.22,20.67,17.87,20.35,2488748.938
2023-03-13,20.34,21.5,18.89,20.47,6089330.693
2023-03-14,20.47,22.21,19.84,20.93,5062066.491
2023-03-15,20.93,21.56,18.76,19.33,3981409.418
2023-03-16,19.33,19.96,18.95,19.72,2236276.727
2023-03-17,19.71,21.72,19.47,21.65,3321115.739
2023-03-18,21.63,22.97,21.12,21.27,3168324.789
2023-03-19,21.27,22.5,21.25,21.92,1812429.228
2023-03-20,21.94,23.99,21.43,22.2,5114036.049
2023-03-21,22.2,23.39,21.6,22.6,3395288.386
2023-03-22,22.59,23.13,21.0,21.46,3786350.084
2023-03-23,21.47,22.8,21.15,22.2,2677672.353
2023-03-24,22.2,22.31,20.29,20.67,3006679.02
2023-03-25,20.66,20.99,20.12,20.44,775036.502
2023-03-26,20.43,21.16,20.31,20.96,529720.049
2023-03-27,20.96,21.01,19.35,19.9,1161581.199
2023-03-28,19.92,20.88,19.62,20.45,1359772.667
2023-03-29,20.47,21.56,20.43,21.1,1064603.761
2023-03-30,21.11,21.68,20.16,20.55,1608552.352
2023-03-31,20.54,21.49,20.04,21.17,953150.287
2023-04-01,21.17,21.34,20.76,21.09,416506.698
2023-04-02,21.09,21.31,20.24,20.53,459185.446
2023-04-03,20.52,21.01,19.97,20.47,1717807.042
2023-04-04,20.47,21.27,20.3,20.92,792504.343
2023-04-05,20.92,21.35,20.57,20.97,976730.283
2023-04-06,20.96,21.0,20.45,20.63,658935.551
2023-04-07,20.62,20.78,20.24,20.45,542840.811
2023-04-08,20.46,20.74,19.87,20.04,786699.13
2023-04-09,20.05,20.45,19.89,20.3,314324.93
2023-04-10,20.3,20.97,20.08,20.92,879505.038
2023-04-11,20.92,23.74,20.83,23.01,3680239.476
2023-04-12,23.02,24.49,22.34,23.82,3479880.838
2023-04-13,23.82,25.29,23.67,24.47,1863477.024
2023-04-14,24.47,25.53,23.76,24.74,2570229.789
2023-04-15,24.74,24.81,23.83,24.07,939359.824
2023-04-16,24.07,25.5,23.85,25.37,1117327.303
2023-04-17,25.36,26.03,24.32,24.6,2369621.315
2023-04-18,24.59,25.45,23.99,24.83,1540583.599
2023-04-19,24.83,24.99,22.0,22.68,2733633.875
2023-04-20,22.68,23.18,21.55,22.2,2271779.822
2023-04-21,22.19,22.41,20.98,21.25,1847561.735
2023-04-22,21.25,22.01,21.05,21.8,608485.311
2023-04-23,21.8,22.26,20.95,21.47,717627.422
2023-04-24,21.47,22.02,21.0,21.38,720502.803
2023-04-25,21.38,21.97,20.74,21.94,969226.068
2023-04-26,21.93,22.97,20.36,21.28,1775900.932
2023-04-27,21.29,22.59,21.18,22.32,1269012.67
2023-04-28,22.33,23.52,22.18,23.36,1635976.596
2023-04-29,23.36,23.9,22.93,23.2,846805.349
2023-04-30,23.19,24.0,22.68,22.73,949742.213
2023-05-01,22.72,22.88,21.54,21.96,1228115.383
2023-05-02,21.96,22.39,21.75,22.26,707608.571
2023-05-03,22.26,22.31,21.24,22.24,942252.801
2023-05-04,22.26,22.5,21.62,21.75,676675.907
2023-05-05,21.75,23.08,21.6,22.85,1324256.78
2023-05-06,22.84,23.3,21.6,21.96,1022446.308
2023-05-07,21.96,22.8,21.66,21.68,873766.647
2023-05-08,21.66,21.84,19.99,20.66,1748495.73
2023-05-09,20.66,21.02,20.42,20.68,850956.29
2023-05-10,20.67,21.33,19.89,20.94,1461221.023
2023-05-11,20.94,20.95,19.8,20.19,1059748.679
2023-05-12,20.18,20.96,19.81,20.93,1286215.553
2023-05-13,20.92,21.29,20.79,20.85,477745.511
2023-05-14,20.84,21.29,20.63,20.94,417121.481
2023-05-15,20.94,21.53,20.61,20.98,1071996.153
2023-05-16,20.98,21.14,20.44,20.68,1045238.299
2023-05-17,20.67,21.21,20.43,21.06,878612.956
2023-05-18,21.06,21.09,20.08,20.34,1046611.407
2023-05-19,20.34,20.58,20.21,20.35,443670.868
2023-05-20,20.35,20.36,20.11,20.28,425653.272
2023-05-21,20.27,20.39,19.37,19.62,590066.458
2023-05-22,19.62,20.03,19.29,19.53,960549.473
2023-05-23,19.53,20.18,19.42,20.02,811692.441
2023-05-24,20.03,20.07,18.71,19.22,1015065.369
2023-05-25,19.21,19.58,18.77,19.25,678749.003
2023-05-26,19.25,19.56,19.09,19.36,407932.369
2023-05-27,19.36,20.54,19.33,20.43,437767.181
2023-05-28,20.43,21.19,20.29,20.82,660032.086
2023-05-29,20.82,21.0,20.27,20.59,620648.574
2023-05-30,20.59,21.47,20.48,21.27,1269922.51
2023-05-31,21.27,21.34,20.37,20.83,793091.528
2023-06-01,20.83,21.0,20.42,20.51,559252.338
2023-06-02,20.5,21.38,20.3,21.27,594889.359
2023-06-03,21.26,21.37,20.96,21.21,349252.58
2023-06-04,21.21,22.33,21.04,21.82,815396.559
2023-06-05,21.83,22.06,19.2,20.02,2158194.366
2023-06-06,20.02,20.71,19.24,20.39,1381233.903
2023-06-07,20.38,20.53,18.52,18.63,1558288.002
2023-06-08,18.64,19.11,18.25,18.9,476801.088
2023-06-09,18.89,19.38,17.11,17.4,1447813.221
2023-06-10,17.39,17.42,13.21,15.64,3476733.88
2023-06-11,15.63,16.19,15.13,15.54,973599.67
2023-06-12,15.56,15.69,14.74,15.18,895305.448
2023-06-13,15.19,15.99,14.76,15.03,955181.047
2023-06-14,15.02,15.36,14.07,14.48,837609.878
2023-06-15,14.49,15.06,14.15,14.77,674656.086
2023-06-16,14.77,15.47,14.37,15.32,1128511.459
2023-06-17,15.31,16.11,15.16,15.65,619722.293
2023-06-18,15.65,15.84,15.29,15.43,339733.583
2023-06-19,15.43,16.15,15.34,16.1,516107.52
2023-06-20,16.11,16.69,15.72,16.66,1091105.364
2023-06-21,16.66,17.41,16.55,17.23,1382678.669
2023-06-22,17.23,17.75,16.57,16.63,782681.177
2023-06-23,16.63,17.55,16.17,17.14,1572147.864
2023-06-24,17.15,17.55,16.39,16.66,616489.48
2023-06-25,16.66,17.39,16.58,16.97,730858.12
2023-06-26,16.96,17.12,15.91,16.28,923307.907
2023-06-27,16.28,16.94,16.14,16.63,901463.403
2023-06-28,16.63,16.65,15.7,15.98,1276434.131
2023-06-29,15.97,18.29,15.87,17.99,1620867.651
2023-06-30,17.99,19.99,17.12,18.85,2112990.496
2023-07-01,18.84,19.01,17.9,18.7,561215.49
2023-07-02,18.69,19.73,18.54,19.46,1099827.343
2023-07-03,19.46,19.65,18.85,19.27,724270.445
2023-07-04,19.26,19.94,19.07,19.15,771447.645
2023-07-05,19.16,19.4,18.45,19.0,778683.163
2023-07-06,18.99,20.98,18.66,19.6,2328822.554
2023-07-07,19.59,21.75,19.26,21.51,1766438.141
2023-07-08,21.51,22.49,21.32,21.81,1286214.84
2023-07-09,21.83,22.38,20.99,21.33,721405.464
2023-07-10,21.33,21.8,20.49,21.3,1078280.131
2023-07-11,21.29,22.37,21.21,22.07,916057.377
2023-07-12,22.07,22.79,21.74,21.93,1364472.767
2023-07-13,21.94,26.82,21.43,26.03,3118929.35
2023-07-14,26.03,32.4,25.23,26.7,4194924.154
2023-07-15,26.7,29.11,26.49,27.47,1887233.722
2023-07-16,27.48,28.6,26.5,27.43,1400913.493
2023-07-17,27.42,28.48,25.63,26.81,1923546.072
2023-07-18,26.81,27.1,24.75,25.56,1791192.085
2023-07-19,25.56,26.99,25.36,26.3,1514112.499
2023-07-20,26.3,27.35,25.03,25.37,1392153.477
2023-07-21,25.36,26.03,25.07,25.52,941287.53
2023-07-22,25.52,25.97,24.06,24.54,608476.4
2023-07-23,24.53,25.26,24.16,24.77,795036.539
2023-07-24,24.76,24.84,22.83,23.37,1182167.639
2023-07-25,23.37,23.59,22.74,23.28,831929.121
2023-07-26,23.28,25.67,23.17,25.18,1465001.299
2023-07-27,25.18,25.66,24.67,25.1,1064191.493
2023-07-28,25.09,25.54,24.48,24.81,869157.057
2023-07-29,24.82,25.39,24.74,25.17,486868.391
2023-07-30,25.16,25.21,23.53,24.25,752086.146
2023-07-31,24.25,24.81,23.51,23.73,821230.224
2023-08-01,23.72,24.06,22.8,24.05,936683.538
2023-08-02,24.05,24.27,22.86,23.14,904723.904
2023-08-03,23.13,23.38,22.5,22.62,652527.321
2023-08-04,22.63,23.55,22.5,22.77,838185.486
2023-08-05,22.77,22.91,22.21,22.63,376179.337
2023-08-06,22.63,23.44,22.56,23.17,406526.285
2023-08-07,23.16,23.63,22.3,23.11,477688.498
2023-08-08,23.1,24.78,23.0,24.21,1269927.015
2023-08-09,24.2,25.01,24.09,24.37,842230.301
2023-08-10,24.37,25.02,24.11,24.6,526466.521
2023-08-11,24.6,24.9,24.31,24.61,515295.549
2023-08-12,24.61,25.19,24.38,24.91,436246.653
2023-08-13,24.92,24.95,24.18,24.21,323388.634
2023-08-14,24.21,25.29,24.05,25.18,728090.949
2023-08-15,25.18,25.39,23.71,23.87,996267.76
2023-08-16,23.87,24.01,22.37,22.79,1134478.793
2023-08-17,22.79,23.41,20.5,21.68,1401187.606
2023-08-18,21.67,22.2,20.9,21.33,948328.881
2023-08-19,21.33,22.17,21.29,21.89,414682.428
2023-08-20,21.9,22.03,21.57,21.78,283792.488
2023-08-21,21.78,21.78,20.31,21.2,719009.996
2023-08-22,21.2,21.27,19.29,20.58,865632.008
2023-08-23,20.57,21.81,20.34,21.73,890731.577
2023-08-24,21.74,22.03,20.67,21.05,643508.617
2023-08-25,21.04,21.05,20.08,20.42,626071.78
2023-08-26,20.41,20.43,20.17,20.27,194852.137
2023-08-27,20.27,20.91,20.23,20.79,267602.451
2023-08-28,20.78,20.78,20.03,20.55,482266.362
2023-08-29,20.55,22.02,20.11,21.79,1341435.965
2023-08-30,21.79,21.99,20.6,20.82,704349.676
2023-08-31,20.81,21.07,19.42,19.73,1477783.025
2023-09-01,19.72,19.93,19.02,19.33,807746.788
2023-09-02,19.32,19.69,19.13,19.49,309302.132
2023-09-03,19.49,19.67,19.23,19.57,312031.568
2023-09-04,19.57,20.03,19.16,19.52,411141.739
2023-09-05,19.51,20.6,19.03,20.26,877221.105
2023-09-06,20.26,20.37,19.14,19.64,670393.35
2023-09-07,19.63,20.0,19.32,19.91,540304.612
2023-09-08,19.92,20.28,19.37,19.61,460389.639
2023-09-09,19.61,19.61,19.37,19.44,201743.804
2023-09-10,19.44,19.44,17.8,18.23,1225347.476
2023-09-11,18.23,18.46,17.34,17.72,1263148.599
2023-09-12,17.72,18.8,17.56,17.92,1123051.34
2023-09-13,17.92,18.57,17.69,18.4,1060226.746
2023-09-14,18.4,19.32,18.39,18.86,978025.881
2023-09-15,18.86,19.49,18.56,19.14,820155.637
2023-09-16,19.15,19.46,18.88,19.13,409682.883
2023-09-17,19.13,19.14,18.65,18.81,241358.324
2023-09-18,18.82,20.16,18.6,19.66,1137968.796
2023-09-19,19.64,20.4,19.58,20.04,650593.597
2023-09-20,20.03,20.5,19.81,20.29,843651.523
2023-09-21,20.3,20.3,19.27,19.46,1065796.88
2023-09-22,19.45,19.79,19.16,19.42,499825.247
2023-09-23,19.42,19.58,19.28,19.48,273614.035
2023-09-24,19.48,19.67,19.21,19.36,237377.083
2023-09-25,19.36,19.74,19.09,19.39,536868.777
2023-09-26,19.39,19.52,18.83,19.01,522180.351
2023-09-27,19.01,19.46,18.73,19.12,943861.842
2023-09-28,19.12,20.05,19.08,19.98,1170433.793
2023-09-29,19.98,20.5,19.86,20.27,565041.2
2023-09-30,20.28,21.8,20.08,21.36,847857.117
2023-10-01,21.36,24.49,21.13,23.87,1350196.382
2023-10-02,23.88,24.8,22.9,23.36,1679273.949
2023-10-03,23.39,24.76,23.22,23.62,1137984.041
2023-10-04,23.62,23.85,22.58,23.14,883545.838
2023-10-05,23.14,23.97,22.55,22.7,757622.529
2023-10-06,22.7,23.79,22.67,23.43,747467.234
2023-10-07,23.42,24.2,23.1,23.31,482011.028
2023-10-08,23.3,23.64,23.09,23.24,273249.75
2023-10-09,23.23,23.38,21.61,22.1,685047.892
2023-10-10,22.11,22.48,21.71,22.11,470735.057
2023-10-11,22.11,22.42,21.61,22.01,815386.376
2023-10-12,22.01,22.04,20.93,21.28,474036.407
2023-10-13,21.28,22.22,21.11,21.84,570363.14
2023-10-14,21.85,22.25,21.8,22.0,243456.115
2023-10-15,22.0,22.18,21.67,21.94,359412.866
2023-10-16,21.93,24.78,21.9,23.97,1699423.358
2023-10-17,23.97,24.57,23.46,23.95,1062243.881
2023-10-18,23.94,24.44,23.36,23.42,1007584.54
2023-10-19,23.41,25.79,23.13,24.94,1708510.464
2023-10-20,24.94,27.4,24.74,27.05,2445877.547
2023-10-21,27.05,30.33,26.66,29.32,1895797.701
2023-10-22,29.32,30.03,28.11,29.06,979912.243
2023-10-23,29.06,32.69,28.75,31.91,2892634.04
2023-10-24,31.9,32.59,29.51,30.18,2612855.787
2023-10-25,30.19,33.9,30.0,32.43,2591832.289
2023-10-26,32.44,33.27,30.71,32.78,2593101.869
2023-10-27,32.79,33.36,31.27,31.74,1601328.022
2023-10-28,31.75,32.52,31.4,31.64,532581.737
2023-10-29,31.64,33.15,31.3,32.84,1189572.261
2023-10-30,32.85,35.34,32.45,34.95,1996411.129
2023-10-31,34.95,38.6,34.79,38.43,3496301.771
2023-11-01,38.42,46.97,37.94,41.18,5621226.735
2023-11-02,41.16,44.6,38.64,40.25,3444791.361
2023-11-03,40.26,40.26,38.02,39.48,2573934.38
2023-11-04,39.46,42.8,39.0,42.44,1733105.233
2023-11-05,42.43,42.89,40.29,41.2,1662028.628
2023-11-06,41.21,42.25,39.69,42.16,2212020.031
2023-11-07,42.17,44.75,40.11,42.95,3447843.701
2023-11-08,42.94,43.89,42.27,43.13,1418831.051
2023-11-09,43.16,48.93,42.52,45.3,4257617.115
2023-11-10,45.31,57.74,45.08,56.72,4565362.62
2023-11-11,56.7,63.98,53.6,56.35,4863376.242
2023-11-12,56.36,61.89,54.42,56.28,3290263.31
2023-11-13,56.25,59.88,51.54,51.6,3385353.382
2023-11-14,51.59,58.0,51.26,56.84,3185931.88
2023-11-15,56.84,67.13,56.16,65.48,3590761.454
2023-11-16,65.49,68.18,56.39,57.8,4460143.68
2023-11-17,57.82,60.55,54.11,58.55,2740209.443
2023-11-18,58.53,59.4,54.77,58.59,1812141.94
2023-11-19,58.59,62.28,56.66,61.15,2078183.106
2023-11-20,61.14,61.35,56.04,56.61,1791333.569
2023-11-21,56.59,57.4,51.28,51.65,2218037.789
2023-11-22,51.68,58.96,51.47,57.58,1919413.457
2023-11-23,57.6,59.59,56.15,56.52,1302926.66
2023-11-24,56.52,58.78,56.2,56.89,1375232.827
2023-11-25,56.89,59.8,56.0,58.83,1219743.332
2023-11-26,58.83,59.08,56.17,57.59,1141249.822
2023-11-27,57.58,58.07,53.47,55.07,1545528.4
2023-11-28,55.06,58.69,53.95,58.22,1469945.208
2023-11-29,58.22,61.81,57.68,59.3,2083862.126
2023-11-30,59.32,61.73,58.76,59.29,1077655.648
2023-12-01,59.31,61.92,58.62,59.77,1234195.845
2023-12-02,59.77,63.94,59.69,63.7,1390271.709
2023-12-03,63.69,65.56,62.23,63.01,1840589.324
2023-12-04,63.02,65.26,59.8,61.59,2708381.998
2023-12-05,61.62,62.57,59.13,61.03,1691124.349
2023-12-06,61.04,66.63,61.04,61.85,2707252.178
2023-12-07,61.86,69.45,61.62,67.77,2875842.96
2023-12-08,67.79,75.31,67.79,74.95,2839721.355
2023-12-09,74.94,77.77,71.56,72.24,2523490.568
2023-12-10,72.27,74.91,70.66,74.87,1768422.54
2023-12-11,74.86,74.97,66.0,70.22,2903269.228
2023-12-12,70.2,72.9,65.71,68.54,2153127.249
2023-12-13,68.55,72.64,63.75,70.62,2031166.213
2023-12-14,70.63,76.23,68.27,75.68,1963415.564
2023-12-15,75.68,79.45,72.03,72.52,2341282.434
2023-12-16,72.52,77.18,71.11,73.67,1699637.914
2023-12-17,73.66,74.93,70.44,70.79,1396426.137
2023-12-18,70.79,75.44,67.0,74.42,1950829.854
2023-12-19,74.42,76.33,71.76,73.01,1553714.022
2023-12-20,72.98,84.14,72.93,82.26,2896045.277
2023-12-21,82.25,96.0,81.07,93.89,3181223.182
2023-12-22,93.9,99.99,90.28,97.98,3073264.26
2023-12-23,98.0,110.0,92.89,107.94,2187001.196
2023-12-24,107.96,118.0,107.36,112.57,3563327.493
2023-12-25,112.52,125.97,108.0,120.95,2629074.917
2023-12-26,120.94,121.42,102.0,112.5,3119985.833
2023-12-27,112.5,115.33,104.76,106.95,2271821.293
2023-12-28,106.99,109.66,96.55,101.81,2723290.702
2023-12-29,101.86,109.97,99.34,106.18,2302203.539
2023-12-30,106.16,107.46,100.69,101.92,750915.332
2023-12-31,101.91,105.17,99.29,101.69,1014619.569
2024-01-01,101.7,110.44,101.47,110.11,1186574.048
2024-01-02,110.11,117.0,106.0,106.74,1825573.021
2024-01-03,106.77,109.97,85.5,98.59,2934230.926
2024-01-04,98.57,108.23,96.74,105.01,1494445.81
2024-01-05,105.01,105.57,95.36,100.02,1304431.986
2024-01-06,100.02,100.35,91.57,93.84,1024768.902
2024-01-07,93.84,96.88,87.65,89.48,1292111.79
2024-01-08,89.52,99.99,85.46,98.0,2608466.93
2024-01-09,98.0,104.16,95.38,99.42,1838145.691
2024-01-10,99.36,105.55,92.03,102.01,2132341.426
2024-01-11,102.02,107.25,97.5,99.91,2422876.512
2024-01-12,99.9,100.47,86.77,92.1,1491860.665
2024-01-13,92.11,97.51,89.5,95.87,1167861.38
2024-01-14,95.86,105.44,93.61,93.77,1908310.162
2024-01-15,93.75,96.91,93.01,94.32,882768.775
2024-01-16,94.3,98.69,94.09,97.59,806730.613
2024-01-17,97.59,102.7,96.23,102.04,1773294.697
2024-01-18,102.01,103.49,91.37,94.31,1522821.52
2024-01-19,94.33,95.35,87.0,93.6,1415823.603
2024-01-20,93.56,94.15,90.15,92.82,525905.27
2024-01-21,92.82,93.88,90.74,91.02,399857.57
2024-01-22,91.03,91.84,81.94,83.75,1606757.137
2024-01-23,83.74,85.88,78.14,84.3,1788569.844
2024-01-24,84.34,89.4,83.25,88.74,1289116.609
2024-01-25,88.74,89.59,85.03,86.86,871078.385
2024-01-26,86.87,93.7,85.8,92.24,1076472.726
2024-01-27,92.27,94.57,90.68,94.27,657016.123
2024-01-28,94.28,99.44,93.43,95.98,1021742.541
2024-01-29,95.96,101.98,95.06,101.69,1265272.74
2024-01-30,101.69,106.45,100.96,101.4,1534152.837
2024-01-31,101.38,102.7,95.88,96.91,1717059.882
2024-02-01,96.88,98.07,92.44,97.78,1830320.671
2024-02-02,97.81,102.49,97.36,100.55,1243476.769
2024-02-03,100.55,101.2,96.58,97.93,728430.906
2024-02-04,97.92,98.57,95.06,95.44,491448.05
2024-02-05,95.42,98.6,94.1,95.5,766785.397
2024-02-06,95.52,97.9,93.04,96.86,1089514.294
2024-02-07,96.86,101.54,94.57,101.13,1039042.713
2024-02-08,101.14,105.22,100.51,102.79,1915568.973
2024-02-09,102.81,109.2,102.81,106.97,1420976.018
2024-02-10,106.96,110.99,106.9,109.0,941950.052
2024-02-11,109.02,110.78,107.33,107.5,627207.877
2024-02-12,107.5,112.27,103.43,111.7,1181640.353
2024-02-13,111.72,115.17,108.29,112.55,1271137.212
2024-02-14,112.54,118.71,110.66,117.14,1116969.957
2024-02-15,117.12,118.48,111.6,113.62,1059592.235
2024-02-16,113.62,114.35,108.04,110.41,828697.254
2024-02-17,110.41,111.16,105.69,108.95,447059.748
2024-02-18,108.97,114.08,107.54,112.25,487184.428
2024-02-19,112.26,114.86,110.81,111.57,774854.748
2024-02-20,111.57,112.14,104.0,108.32,1266590.908
2024-02-21,108.35,108.42,100.15,105.05,1216043.161
2024-02-22,105.05,107.11,101.46,101.69,881129.479
2024-02-23,101.68,103.07,98.67,99.91,690566.609
2024-02-24,99.89,104.79,98.46,104.01,501961.722
2024-02-25,104.01,104.41,102.01,103.47,374182.919
2024-02-26,103.47,110.85,100.3,110.0,1256201.065
2024-02-27,110.0,112.37,105.36,108.41,1384143.036
2024-02-28,108.44,119.0,107.32,119.0,2263257.151
2024-02-29,119.0,134.75,117.31,125.73,2841020.58837195
2024-03-01,125.74,137.84,125.68,129.53,1636860.0559873
2024-03-02,129.55,131.8,127.35,130.22,885708.49977476
2024-03-03,130.13,132.18,124.73,130.22,847523.18075194
2024-03-04,130.22,134.98,127.51,133.49,1524400.4153017
2024-03-05,133.48,143.0,110.0,125.55,3190928.13761199
2024-03-06,125.48,134.95,120.08,130.88,1616349.06906451
2024-03-07,130.91,150.0,130.64,144.06,2846946.8939359
2024-03-08,144.05,153.0,142.09,145.12,1677393.50257527
2024-03-09,145.12,149.49,144.0,144.58,622487.61812096
2024-03-10,144.58,148.73,140.61,144.56,982832.66049622
2024-03-11,144.58,150.18,137.0,148.9,1851440.86302679
2024-03-12,148.91,155.0,141.72,151.06,2110807.52605998
2024-03-13,151.1,167.0,148.78,163.95,1978293.24666427
2024-03-14,163.95,178.35,159.2,176.69,2419785.46609521
2024-03-15,176.69,188.88,164.58,183.91,3280753.57055337
2024-03-16,184.0,197.86,176.71,181.99,2428380.90451423
2024-03-17,181.98,204.12,178.55,201.69,1907137.49023163
2024-03-18,201.7,209.9,193.6,195.96,2227273.86347729
2024-03-19,195.9,198.7,165.37,169.76,3064329.55900921
2024-03-20,169.76,193.33,162.41,191.91,2495156.64072634
2024-03-21,191.81,195.79,175.5,179.4,1298865.92067615
2024-03-22,179.41,181.89,167.6,175.24,1171269.14801193
2024-03-23,175.24,180.0,170.33,172.7,789254.28539747
2024-03-24,172.68,186.8,171.32,183.88,773163.78833068
2024-03-25,183.87,194.6,180.96,188.99,1380524.45982921
2024-03-26,189.04,198.03,184.56,190.48,1176961.35915771
2024-03-27,190.48,192.59,180.0,186.24,1348099.68250393
2024-03-28,186.23,191.0,180.72,189.68,977206.39520309
2024-03-29,189.66,193.08,183.23,192.15,929561.35164297
2024-03-30,192.14,199.98,190.85,194.26,822342.88355242
2024-03-31,194.28,203.15,193.76,202.38,857355.43315829
2024-04-01,202.41,204.25,186.91,192.35,1229843.89934343
2024-04-02,192.37,192.39,175.89,181.54,1539301.55340381
2024-04-03,181.58,191.96,177.0,185.11,842258.56044078
2024-04-04,185.12,190.22,180.27,184.15,883909.91116581
2024-04-05,184.11,185.23,168.0,174.46,1195885.85501715
2024-04-06,174.46,179.87,173.45,178.73,583429.67034848
2024-04-07,178.71,182.73,176.84,179.53,681047.65676867
2024-04-08,179.52,184.63,175.27,180.66,924071.28862213
2024-04-09,180.65,180.9,168.89,172.31,952573.65814674
2024-04-10,172.27,175.52,162.27,173.34,1022106.34957454
2024-04-11,173.33,176.34,170.04,172.35,653648.74111884
2024-04-12,172.34,175.99,143.0,153.24,1500902.7276704
2024-04-13,153.22,154.99,121.88,138.48,3109359.05404368
2024-04-14,138.59,152.95,130.0,151.44,2110116.52767288
2024-04-15,151.42,156.27,133.7,138.56,1551585.60621083
2024-04-16,138.56,140.69,126.51,136.26,1559225.03327458
2024-04-17,136.28,142.77,126.68,131.84,1616654.90102712
2024-04-18,131.83,143.94,127.7,142.14,1153922.78563056
2024-04-19,142.14,147.63,128.47,142.56,2002415.83339281
2024-04-20,142.54,152.48,139.7,151.33,715494.40864999
2024-04-21,151.28,153.59,146.8,148.82,567246.82127678
2024-04-22,148.81,158.5,146.7,157.02,909774.34620336
2024-04-23,157.02,160.0,153.15,154.69,810829.36898627
2024-04-24,154.69,159.78,145.25,147.71,1124542.72440691
2024-04-25,147.71,149.49,142.04,144.83,976021.09556298
2024-04-26,144.84,146.11,138.73,139.22,613573.32473004
2024-04-27,139.19,142.97,133.0,141.22,689266.47540085
2024-04-28,141.24,144.6,137.02,137.98,486682.09806583
2024-04-29,137.98,138.9,133.37,137.73,795190.75029224
2024-04-30,137.73,139.74,121.0,126.66,1507577.39141503
2024-05-01,126.63,135.86,118.68,134.46,1644144.61431275
2024-05-02,134.45,141.0,128.16,137.57,1090679.71832366
2024-05-03,137.57,145.03,132.1,143.73,1013126.42072374
2024-05-04,143.75,149.11,142.25,146.06,528753.80408235
2024-05-05,146.07,148.0,143.0,145.74,461407.51335516
2024-05-06,145.74,157.03,145.44,152.83,1001891.54552638
2024-05-07,152.85,159.18,148.0,148.05,838121.36375189
2024-05-08,148.04,149.95,140.0,142.13,899535.93350958
2024-05-09,142.14,153.37,140.53,152.54,918780.04069924
2024-05-10,152.55,155.74,144.41,146.01,1217658.46121303
2024-05-11,146.01,147.66,143.05,145.37,574750.86521124
2024-05-12,145.37,147.69,142.57,143.35,369169.37240576
2024-05-13,143.36,150.8,137.82,147.49,1070319.88805558
2024-05-14,147.5,151.5,141.75,141.96,819839.4999486
2024-05-15,141.98,158.86,141.22,158.6,1322013.6104668
2024-05-16,158.6,164.75,156.7,159.37,1167422.66374857
2024-05-17,159.37,172.08,159.34,169.48,895763.36156161
2024-05-18,169.51,175.99,168.7,172.46,635692.90677353
2024-05-19,172.45,175.51,166.01,169.92,497663.1375587
2024-05-20,169.92,188.41,167.7,186.74,1174312.69240078
2024-05-21,186.71,188.9,174.26,178.12,1246348.96485656
2024-05-22,178.12,183.46,175.0,176.84,1195022.05510768
2024-05-23,176.85,180.96,165.61,176.11,1782217.15429252
2024-05-24,176.07,176.07,162.45,167.68,1223312.68739923
2024-05-25,167.68,170.49,165.89,168.33,418409.70355585
2024-05-26,168.33,168.39,160.36,163.24,1014996.85907125
2024-05-27,163.25,172.12,163.17,170.02,586791.04550049
2024-05-28,170.02,173.11,164.82,168.5,663656.3470251
2024-05-29,168.5,173.8,167.01,168.13,815289.32437549
2024-05-30,168.11,172.54,163.48,166.83,944812.84218417
2024-05-31,166.81,170.88,163.75,165.51,748373.81288618
2024-06-01,165.5,167.81,165.49,165.99,288521.39235233
2024-06-02,165.99,166.97,161.27,163.02,574719.23000784
2024-06-03,163.03,167.14,161.5,164.88,745617.24715896
2024-06-04,164.88,171.88,164.3,171.81,680588.11096016
2024-06-05,171.81,175.62,171.06,173.58,766671.99922783
2024-06-06,173.57,174.6,167.59,170.1,510181.55093299
2024-06-07,170.1,172.72,153.75,162.47,885283.82667966
2024-06-08,162.46,163.72,157.3,157.79,412608.49566585
2024-06-09,157.79,163.0,156.51,162.12,261672.49507329
2024-06-10,162.12,163.18,157.48,158.98,349339.89974703
2024-06-11,158.99,159.67,144.95,149.32,1339784.17466776
2024-06-12,149.32,161.85,145.46,155.18,934640.79572654
2024-06-13,155.18,155.18,145.97,147.23,803839.65623014
2024-06-14,147.23,148.94,139.56,142.98,944501.87423291
2024-06-15,142.98,145.68,142.84,145.45,285002.23960479
2024-06-16,145.45,151.26,142.97,151.22,348354.54491309
2024-06-17,151.22,151.73,139.77,143.25,744074.6002912
2024-06-18,143.24,143.76,128.0,137.37,1722471.07323113
2024-06-19,137.34,141.88,134.41,135.59,773852.80461872
2024-06-20,135.59,141.28,131.81,133.49,1122806.59179073
2024-06-21,133.49,135.34,128.61,134.54,1144767.97414723
2024-06-22,134.56,136.64,132.91,133.65,319048.95593813
2024-06-23,133.64,135.05,128.0,128.59,454001.96818
2024-06-24,128.58,132.57,122.18,132.26,2215563.26554733
2024-06-25,132.27,139.89,131.14,136.53,1452524.92996686
2024-06-26,136.54,140.37,134.76,136.72,627197.54272844
2024-06-27,136.73,151.15,135.06,149.48,1105081.8834665
2024-06-28,149.48,150.62,138.72,139.75,1078777.77755784
2024-06-29,139.75,142.97,139.45,140.0,733598.96608316
2024-06-30,140.0,147.44,136.89,146.37,758552.42858306
2024-07-01,146.36,149.11,145.67,146.52,846426.29903135
2024-07-02,146.51,154.8,145.98,153.81,731013.97753863
2024-07-03,153.81,154.26,138.91,140.69,1407380.62455737
2024-07-04,140.69,142.61,127.14,127.83,1284185.6425214
2024-07-05,127.83,136.45,121.01,134.31,1798686.89675642
2024-07-06,134.31,144.31,132.36,143.07,691487.77602451
2024-07-07,143.05,143.37,131.17,131.61,661297.91052354
2024-07-08,131.59,141.93,127.75,139.77,1308319.16929293
2024-07-09,139.78,144.28,136.44,141.44,827564.78105877
2024-07-10,141.45,146.31,138.58,141.99,636533.58943251
2024-07-11,141.98,146.0,135.68,135.7,848475.59615245
2024-07-12,135.7,140.63,133.91,139.55,732342.16368954
2024-07-13,139.55,143.64,137.99,141.93,392576.20808125
2024-07-14,141.92,148.6,141.92,147.69,683228.5697022
2024-07-15,147.7,160.13,147.07,159.55,1003776.19544639
2024-07-16,159.5,162.62,152.61,160.69,1049712.20926574
2024-07-17,160.69,163.84,154.5,155.51,828073.52716048
2024-07-18,155.51,161.63,155.18,159.21,583461.31153311
2024-07-19,159.19,172.57,156.16,169.21,1367806.12189851
2024-07-20,169.21,175.0,167.27,173.68,574365.13980998
2024-07-21,173.68,185.0,170.38,184.51,870596.64431196
2024-07-22,184.52,184.99,176.75,178.98,693819.15970186
2024-07-23,178.95,180.67,170.2,173.03,774289.44240746
2024-07-24,173.05,182.5,170.94,178.0,776752.33415245
2024-07-25,178.03,179.81,165.36,171.82,1295552.43400642
2024-07-26,171.81,183.68,171.67,183.06,954194.07033685
2024-07-27,183.08,188.31,178.06,183.56,1037089.56328282
2024-07-28,183.56,186.67,180.99,184.9,520879.17672757
2024-07-29,184.91,193.89,181.57,182.52,1233136.27729287
2024-07-30,182.52,184.72,175.35,179.11,1068417.23222558
2024-07-31,179.11,184.43,171.53,171.62,1155415.59061793
2024-08-01,171.61,172.93,157.67,167.22,1954392.4497109
2024-08-02,167.23,169.34,149.78,152.57,1848547.66021147
2024-08-03,152.57,153.82,139.73,142.45,1324991.40139784
2024-08-04,142.44,145.99,131.11,138.25,1803319.51615065
2024-08-05,138.26,139.27,110.0,129.81,6250882.90417749
2024-08-06,129.84,149.61,129.37,144.46,2167568.74424249
2024-08-07,144.46,155.06,142.32,144.77,2301753.74673278
2024-08-08,144.78,163.7,141.43,163.18,2439675.60795652
2024-08-09,163.16,163.58,150.79,156.32,1610185.64781277
2024-08-10,156.35,158.83,152.54,154.05,539036.61658277
2024-08-11,154.06,158.0,141.2,141.57,884922.06462752
2024-08-12,141.56,151.19,141.21,146.31,1116100.66550871
2024-08-13,146.31,149.98,142.89,146.7,631243.28252229
2024-08-14,146.71,152.21,142.34,143.73,1003917.85994446
2024-08-15,143.74,147.61,137.8,142.57,1234922.20942239
2024-08-16,142.57,144.9,136.02,139.08,923991.7751813
2024-08-17,139.07,142.0,137.66,141.96,308877.59884979
2024-08-18,141.96,147.15,140.55,142.45,1005877.45778013
2024-08-19,142.41,146.25,140.38,144.31,572488.18229455
2024-08-20,144.3,148.9,141.01,142.28,821851.75093475
2024-08-21,142.27,144.41,138.81,142.82,819223.4717137
2024-08-22,142.83,144.9,140.64,143.25,462438.41712056
2024-08-23,143.24,154.16,142.75,153.39,966097.62384212
2024-08-24,153.38,162.36,152.03,160.72,1010422.79375914
2024-08-25,160.71,162.01,155.27,158.99,504919.94260899
2024-08-26,158.98,162.0,155.63,157.12,685292.91704922
2024-08-27,157.12,159.73,145.0,146.81,935615.99835103
2024-08-28,146.81,148.89,140.55,143.94,908310.57410162
2024-08-29,143.97,147.38,138.1,140.04,703731.20186202
2024-08-30,140.04,141.1,132.03,137.96,804417.63309433
2024-08-31,138.0,139.22,134.49,135.32,212470.01846291
2024-09-01,135.33,136.15,127.79,128.5,772901.61610443
2024-09-02,128.5,135.44,127.0,134.97,681590.07261642
2024-09-03,134.95,137.47,126.97,127.5,650629.22149371
2024-09-04,127.49,135.0,122.3,133.61,1193371.76780659
2024-09-05,133.61,135.51,127.89,129.36,601108.40923616
2024-09-06,129.36,134.45,120.51,125.01,1479116.26840533
2024-09-07,125.01,129.49,124.1,127.71,324967.93193637
2024-09-08,127.71,131.67,126.6,130.13,334272.99752822
2024-09-09,130.12,137.1,127.0,135.09,739579.55798944
2024-09-10,135.1,138.0,132.56,135.61,551854.82069262
2024-09-11,135.64,135.91,128.14,132.42,645466.76941204
2024-09-12,132.42,136.77,132.39,136.05,670240.54587774
2024-09-13,136.05,139.96,131.71,139.13,665256.17432788
2024-09-14,139.13,139.9,135.67,137.15,314638.99993619
2024-09-15,137.15,137.99,130.42,131.4,444206.37357664
2024-09-16,131.4,132.37,128.84,131.46,466776.95625001
2024-09-17,131.45,135.55,130.32,131.56,565581.02657622
2024-09-18,131.56,134.47,127.08,134.35,764899.77254149
2024-09-19,134.37,144.03,134.3,142.89,1340419.68034136
2024-09-20,142.88,152.41,141.21,146.66,973218.95847842
2024-09-21,146.66,149.87,144.59,149.45,350845.87225166
2024-09-22,149.45,149.94,141.04,144.64,442405.91176426
2024-09-23,144.65,149.1,142.13,144.78,743745.48839564
2024-09-24,144.79,153.95,143.11,152.74,1005665.67807402
2024-09-25,152.74,153.96,147.25,147.93,606374.33554453
2024-09-26,147.95,158.03,146.52,155.57,851949.78872639
2024-09-27,155.56,161.36,154.0,157.66,767350.39543334
2024-09-28,157.67,159.44,155.02,156.77,328511.69357325
2024-09-29,156.78,161.8,155.02,158.49,490231.05876739
2024-09-30,158.49,159.77,151.65,152.5,541681.24307711
2024-10-01,152.5,157.32,142.22,145.1,1392932.30088055
2024-10-02,145.08,149.03,138.55,140.16,1098277.62999368
2024-10-03,140.15,142.97,133.1,136.8,931818.39504891
2024-10-04,136.81,144.66,135.91,143.22,769528.88994272
2024-10-05,143.24,144.9,140.99,142.59,254513.08969454
2024-10-06,142.61,146.76,142.0,146.48,292430.25442001
2024-10-07,146.47,152.27,143.41,143.94,851581.55885668
2024-10-08,143.95,145.54,141.11,143.4,471666.75255834
2024-10-09,143.41,145.28,138.54,139.21,623382.06421698
2024-10-10,139.21,140.75,135.36,138.95,506279.96607869
2024-10-11,138.95,146.5,138.58,145.46,764441.91411324
2024-10-12,145.46,147.32,144.55,146.35,330266.11664212
2024-10-13,146.37,148.81,144.41,147.69,316947.61927177
2024-10-14,147.72,158.0,146.73,157.52,902213.8107939
2024-10-15,157.53,159.5,150.33,154.72,934991.4750973
2024-10-16,154.74,158.39,152.84,154.24,741398.15012219
2024-10-17,154.25,155.69,147.63,150.44,650125.39190184
2024-10-18,150.43,156.69,149.55,154.92,544174.39484049
2024-10-19,154.92,159.75,153.6,159.71,355583.16124401
2024-10-20,159.72,167.9,157.58,167.37,596053.82083505
2024-10-21,167.34,171.62,161.31,166.13,1045529.40756375
2024-10-22,166.07,170.98,162.95,167.48,754906.8181527
2024-10-23,167.48,174.0,164.04,170.65,911494.17776747
2024-10-24,170.65,179.12,170.27,177.07,878925.45356759
2024-10-25,177.07,177.5,159.05,164.6,1144723.72980646
2024-10-26,164.58,173.0,162.2,170.66,570609.25355061
2024-10-27,170.66,178.0,170.01,176.44,506037.66391606
2024-10-28,176.43,179.6,172.27,178.2,803622.07019516
2024-10-29,178.17,183.3,176.25,179.39,1113863.70566666
2024-10-30,179.35,181.2,173.11,174.85,678648.76800693
2024-10-31,174.82,176.46,167.31,168.43,656314.5948533
2024-11-01,168.42,173.94,163.6,166.02,730015.55723601
2024-11-02,166.0,168.55,162.01,166.12,278388.79315589
2024-11-03,166.11,166.55,157.8,162.46,583861.59074881
2024-11-04,162.43,164.92,155.01,157.86,558537.21650392
2024-11-05,157.86,169.39,156.69,166.64,671668.54225496
2024-11-06,166.63,190.07,166.42,186.76,2243358.49963578
2024-11-07,186.76,198.0,186.01,196.44,1198751.65225258
2024-11-08,196.45,205.2,195.79,199.99,1225002.61593852
2024-11-09,200.0,203.49,195.05,200.0,835480.02597322
2024-11-10,200.0,215.62,198.78,210.22,1613169.08420424
2024-11-11,210.22,225.0,204.32,222.42,1661414.86867112
2024-11-12,222.41,225.37,205.0,211.87,1648799.28235515
2024-11-13,211.88,220.84,201.0,215.46,1832889.45505781
2024-11-14,215.45,222.83,206.75,209.58,1355300.00911917
2024-11-15,209.57,220.46,204.57,218.53,1033219.42513087
2024-11-16,218.51,221.95,213.4,215.81,787937.08445797
2024-11-17,215.81,241.99,212.21,237.53,1427576.72597004
2024-11-18,237.5,248.52,234.03,239.94,1258617.06694407
2024-11-19,239.95,247.75,233.74,237.99,924355.40404945
2024-11-20,237.99,242.72,230.66,235.68,1008468.59053693
2024-11-21,235.68,259.89,230.02,256.65,1921894.24118439
2024-11-22,256.65,264.63,251.75,257.23,1102103.59217621
2024-11-23,257.23,264.32,253.01,255.12,834896.38776745
2024-11-24,255.11,260.0,241.2,253.03,707779.91649083
2024-11-25,253.03,256.82,231.16,234.18,1375320.33649702
2024-11-26,234.14,239.91,221.57,230.6,1079119.74414744
2024-11-27,230.6,243.56,227.5,242.24,890298.42856607
2024-11-28,242.24,245.49,232.89,237.65,468086.95597937
2024-11-29,237.64,246.87,236.6,243.43,715934.03369685
2024-11-30,243.43,245.43,237.61,237.74,512707.98849202
2024-12-01,237.74,240.0,234.24,236.95,610780.86276575
2024-12-02,236.92,238.5,220.03,225.79,1841742.31123324
2024-12-03,225.8,240.09,215.0,234.1,1592408.47234672
2024-12-04,234.13,240.99,224.69,229.49,1586631.62403684
2024-12-05,229.47,244.99,223.19,236.13,1965153.79171982
2024-12-06,236.13,247.1,231.11,237.21,1109218.6255132
2024-12-07,237.21,243.8,234.32,238.35,728837.23627874
2024-12-08,238.35,241.72,233.32,237.19,483284.99428694
2024-12-09,237.19,237.45,205.0,216.72,1280488.89616845
2024-12-10,216.71,221.09,203.27,213.75,1953189.3581737
2024-12-11,213.75,230.84,211.62,227.42,1207603.3773115
2024-12-12,227.42,234.79,225.61,227.0,936598.19889542
2024-12-13,226.99,228.47,220.6,224.82,1072405.1797865
2024-12-14,224.8,227.48,215.15,219.88,559460.82526156
2024-12-15,219.9,225.44,215.67,224.25,642744.58032007
2024-12-16,224.2,227.0,213.11,216.27,1017558.89816448
2024-12-17,216.27,229.03,211.5,223.2,1248306.56053773
2024-12-18,223.2,226.0,204.77,206.39,1112718.23493658
2024-12-19,206.41,212.03,186.77,193.66,1747274.71277778
2024-12-20,193.66,199.53,175.01,194.43,2121225.53658279
2024-12-21,194.44,202.14,178.36,181.34,1131558.52176477
2024-12-22,181.36,187.73,176.71,180.35,710921.33932321
2024-12-23,180.33,193.22,176.33,189.88,1014019.82010178
2024-12-24,189.88,198.93,185.86,196.95,633043.03893212
2024-12-25,196.95,201.74,194.9,197.31,459738.69583944
2024-12-26,197.33,199.59,186.42,188.24,602906.24084221
2024-12-27,188.21,194.12,182.51,183.95,598619.63547286
2024-12-28,183.94,195.71,183.55,195.15,544088.91063905
2024-12-29,195.16,197.37,188.19,189.6,513906.95541903
2024-12-30,189.6,196.22,185.54,191.01,792659.87492619
2024-12-31,191.0,198.89,187.72,188.82,925967.7320928
2025-01-01,188.82,194.99,187.6,193.84,710592.14848388
2025-01-02,193.84,210.23,193.04,208.09,964329.20200795
2025-01-03,208.1,219.69,205.43,217.93,766696.36567176
2025-01-04,217.89,218.0,213.52,216.64,391893.03611378
2025-01-05,216.64,219.0,211.47,213.35,416412.77559314
2025-01-06,213.35,223.18,211.5,218.34,674150.36408157
2025-01-07,218.33,219.23,201.75,202.13,795105.92886797
2025-01-08,202.13,203.23,188.25,197.42,1140993.85903562
2025-01-09,197.43,199.0,182.01,184.96,937653.10582914
2025-01-10,184.96,193.01,183.49,187.63,875745.66070076
2025-01-11,187.62,191.79,184.0,188.03,705428.32883268
2025-01-12,188.03,190.91,185.07,188.4,369569.99809188
2025-01-13,188.4,191.85,169.22,182.75,1244805.10686472
2025-01-14,182.76,190.05,181.77,187.49,721361.90173107
2025-01-15,187.49,206.06,185.76,205.9,1387020.60668316
2025-01-16,205.9,217.07,198.43,211.08,1369506.47434139
2025-01-17,211.13,222.0,209.82,219.56,1395546.07815907
2025-01-18,219.55,270.0,217.33,261.99,5516305.1535704
2025-01-19,261.9,295.0,237.12,252.34,6050054.05745463
2025-01-20,252.33,273.29,229.19,241.65,4344277.2031722
2025-01-21,241.7,260.24,230.0,250.32,2255050.38394053
2025-01-22,250.33,271.96,248.36,257.23,2368750.57449404
2025-01-23,257.26,258.42,241.98,253.12,2154317.72604082
2025-01-24,253.17,270.0,247.23,253.37,1759545.86898872
2025-01-25,253.35,260.76,246.25,256.36,1151007.96373647
2025-01-26,256.31,259.96,240.1,240.39,1043893.33027826
2025-01-27,240.36,242.54,220.82,234.87,2615574.21816154
2025-01-28,234.89,243.95,224.93,226.89,1561904.72853022
2025-01-29,226.91,238.44,222.57,228.16,1459592.27902413
2025-01-30,228.15,244.7,226.79,238.32,1329523.78967134
2025-01-31,238.3,241.82,228.08,231.71,1063579.72345845
2025-02-01,231.69,234.12,212.67,212.94,893867.17817633
2025-02-02,212.94,218.82,192.7,203.45,2362614.30125765
2025-02-03,203.49,218.97,176.0,216.48,3403049.09224185
2025-02-04,216.48,220.14,202.08,206.7,1863004.95036042
2025-02-05,206.73,209.47,195.15,196.13,1014816.28569775
2025-02-06,196.13,204.0,187.5,189.57,1280488.50476306
2025-02-07,189.59,203.62,188.15,192.06,1244842.74154367
2025-02-08,192.04,200.97,189.76,199.41,742109.65152245
2025-02-09,199.41,207.43,193.55,200.51,1350679.64742641
2025-02-10,200.51,209.2,195.95,200.53,863302.1814879
2025-02-11,200.51,206.22,195.06,197.93,835416.86242737
2025-02-12,197.94,198.58,188.42,196.8,1170067.38340812
2025-02-13,196.82,198.49,188.93,194.29,926182.12788275
2025-02-14,194.29,205.37,194.17,199.43,1187817.56287243
2025-02-15,199.42,200.32,192.64,194.53,571190.61517088
2025-02-16,194.53,196.25,186.01,188.29,718837.66826929
2025-02-17,188.29,189.73,174.71,177.52,1450743.57307133
2025-02-18,177.52,179.07,160.78,169.2,2226260.63764798
2025-02-19,169.23,174.26,163.67,168.89,1196184.87886389
2025-02-20,168.93,176.7,167.64,176.05,917007.67493571
2025-02-21,176.05,180.61,166.99,168.82,1171366.24625288
2025-02-22,168.82,174.67,167.98,172.08,484875.8264309
2025-02-23,172.09,173.1,166.4,167.95,417270.00943475
2025-02-24,167.95,169.65,137.77,141.79,2408160.08227549
2025-02-25,141.79,146.95,131.89,144.16,2738806.14054382
2025-02-26,144.17,144.99,130.43,135.12,2262730.94041848
2025-02-27,135.14,142.73,134.52,137.54,1530658.6361904
2025-02-28,137.55,148.61,125.36,148.09,2390526.30383456
2025-03-01,148.09,151.1,138.49,143.59,1082607.60882144
2025-03-02,143.63,180.0,139.98,178.72,3912116.25483133
2025-03-03,178.72,179.45,139.01,142.05,3429644.83052696
2025-03-04,142.05,146.92,130.66,144.78,2736629.02479889
2025-03-05,144.75,149.72,140.18,146.31,1663512.26722898
2025-03-06,146.29,152.9,142.42,143.29,1421260.82673856
2025-03-07,143.3,150.82,135.02,139.33,1915428.7783951
2025-03-08,139.31,141.0,135.22,136.95,512074.86998588
2025-03-09,136.97,139.82,124.7,126.45,1284285.93103006
2025-03-10,126.48,131.52,115.4,118.24,2238334.03390233
2025-03-11,118.25,128.41,112.0,125.34,2213069.21732193
2025-03-12,125.32,131.62,121.2,126.6,1482446.97946059
2025-03-13,126.59,128.75,120.69,123.3,1073276.23200647
2025-03-14,123.33,136.09,122.92,133.55,1302182.36634025
2025-03-15,133.52,136.56,132.45,135.91,580929.57867185
2025-03-16,135.88,136.71,125.17,126.1,978055.90256744
2025-03-17,126.09,130.65,125.53,128.03,1025031.6945347
2025-03-18,128.03,128.21,121.69,125.29,975532.7706537
2025-03-19,125.31,136.13,124.19,135.39,1341968.7686183
2025-03-20,135.38,136.18,126.6,127.5,1009769.92256164
2025-03-21,127.51,130.14,124.81,128.44,885590.32988144
2025-03-22,128.42,131.8,127.76,128.47,464308.19346897
2025-03-23,128.47,134.05,128.2,132.85,613188.84687522
2025-03-24,132.85,145.2,132.06,141.0,1932604.22885178
2025-03-25,141.02,147.6,138.16,143.69,1422841.56180904
2025-03-26,143.68,145.55,135.9,137.38,1080034.2743519
2025-03-27,137.38,140.25,135.64,138.4,894860.37793028
2025-03-28,138.39,139.02,127.67,129.44,1209093.93425125
2025-03-29,129.44,130.49,122.68,124.54,716472.93100016
2025-03-30,124.54,127.02,122.99,124.8,641248.33374517
2025-03-31,124.81,127.82,122.72,124.54,1174879.99134553
2025-04-01,124.51,130.44,123.74,126.69,1205529.0043246
2025-04-02,126.69,136.18,117.23,117.4,2567762.44970587
2025-04-03,117.41,120.94,112.22,117.12,2304500.70756478
2025-04-04,117.14,124.81,113.26,122.74,2382141.68026897
2025-04-05,122.74,122.81,115.81,120.25,819109.36365755
2025-04-06,120.25,121.05,103.71,105.82,2151166.20896226
2025-04-07,105.81,113.05,95.16,106.94,5120355.14883448
2025-04-08,106.93,112.57,102.86,105.35,2984833.09628285
2025-04-09,105.36,121.29,101.16,119.04,3290391.01997127
2025-04-10,119.02,119.29,108.31,112.75,2000442.44154555
2025-04-11,112.73,122.66,112.07,121.36,1811297.34071394
2025-04-12,121.36,134.11,119.36,132.22,1484088.66320512
2025-04-13,132.22,133.98,125.26,128.32,1323920.67804716
2025-04-14,128.32,136.0,127.89,129.39,1654796.15568471
2025-04-15,129.39,134.42,125.8,126.09,1364430.5665587
2025-04-16,126.1,133.91,123.46,131.32,1765038.35649227
2025-04-17,131.31,136.15,129.47,134.85,1601714.66844258
2025-04-18,134.85,136.0,132.46,134.03,646507.39197568
2025-04-19,134.06,140.5,133.58,139.87,1014645.79744222
2025-04-20,139.86,141.97,135.67,137.85,1176408.18548977
2025-04-21,137.86,143.13,133.82,136.56,1564200.71405678
2025-04-22,136.54,150.31,134.69,148.84,1492997.31799538
2025-04-23,148.86,154.28,147.2,151.16,1516588.94048175
2025-04-24,151.17,152.93,145.21,152.6,1008674.15133329
2025-04-25,152.61,157.08,150.01,150.91,1487061.71983895
2025-04-26,150.92,153.26,147.79,149.27,516484.93230606
2025-04-27,149.29,150.43,145.54,148.04,584717.10894757
2025-04-28,148.03,153.45,144.69,147.9,1513614.18763345
2025-04-29,147.89,150.38,145.0,146.34,952472.97735731
2025-04-30,146.33,148.7,140.4,147.56,1532494.65883959
2025-05-01,147.57,154.04,147.56,150.89,953212.99306897
2025-05-02,150.88,151.99,147.36,148.09,759828.4548522
2025-05-03,148.09,149.11,145.88,146.75,413171.54365514
2025-05-04,146.75,147.81,143.59,143.97,370375.06945002
2025-05-05,143.96,147.71,142.51,146.68,541336.80671034
2025-05-06,146.68,147.23,141.34,146.89,586984.59917673
2025-05-07,146.89,149.64,144.67,147.37,699210.64612055
2025-05-08,147.36,164.57,147.11,164.45,1701341.82101424
2025-05-09,164.44,176.14,161.02,172.8,1741502.45304632
2025-05-10,172.81,178.93,168.75,177.91,928846.23735818
2025-05-11,177.88,180.16,169.41,173.23,1133257.96673986
2025-05-12,173.22,181.45,168.3,174.22,2201877.90093897
2025-05-13,174.23,184.8,166.17,183.76,1453079.93660266
2025-05-14,183.76,184.86,173.12,176.69,1229280.71274432
2025-05-15,176.69,178.39,166.8,169.19,1371463.93439565
2025-05-16,169.18,174.28,166.43,167.48,836171.25478296
2025-05-17,167.47,170.01,164.1,166.03,753913.00899458
2025-05-18,166.01,176.83,164.7,173.39,1029017.46154813
2025-05-19,173.39,174.01,159.48,166.88,1131703.18021458
2025-05-20,166.91,173.13,164.57,168.64,933624.81842764
2025-05-21,168.65,176.0,165.61,173.61,1523110.40498726
2025-05-22,173.65,180.85,172.63,179.72,1282479.10815429
2025-05-23,179.73,187.73,173.27,174.03,1898136.46429658
2025-05-24,174.02,178.37,172.66,175.96,587813.98966338
2025-05-25,175.96,176.96,169.2,175.8,776842.78268605
2025-05-26,175.81,179.12,173.55,174.97,686840.93530938
2025-05-27,174.99,179.5,171.29,176.8,949244.50343878
2025-05-28,176.77,177.5,168.99,172.28,835092.53457799
2025-05-29,172.27,175.43,165.96,166.71,930086.52878178
2025-05-30,166.7,167.5,155.27,156.28,1080045.07151882
2025-05-31,156.3,158.1,152.2,156.53,698023.79201713
2025-06-01,156.55,158.01,150.65,157.76,634611.06502346
2025-06-02,157.78,159.0,151.71,156.9,890635.29723299
2025-06-03,156.91,163.76,154.23,155.29,748857.55864726
2025-06-04,155.31,158.04,153.0,153.33,518471.92507659
2025-06-05,153.31,154.69,141.53,144.36,1098509.44088031
2025-06-06,144.38,152.5,144.19,147.96,627391.48228429
2025-06-07,147.96,152.93,146.92,150.15,377977.34334998
2025-06-08,150.13,155.35,148.0,152.53,328887.26046446
2025-06-09,152.54,161.8,149.68,161.24,587020.8587113
2025-06-10,161.22,165.71,156.35,165.15,939178.47029043
2025-06-11,165.13,168.38,159.25,161.01,1372908.66534847
2025-06-12,161.01,161.35,152.08,152.39,830479.94536024
2025-06-13,152.39,152.67,140.89,148.66,1614868.07072184
2025-06-14,148.68,148.76,142.03,144.72,492670.34094524
2025-06-15,144.71,153.58,144.29,152.99,659481.08672004
2025-06-16,153.0,158.82,150.37,150.77,1030039.00736272
2025-06-17,150.78,154.38,145.6,147.61,856106.24210485
2025-06-18,147.61,149.32,143.69,146.41,728174.06616315
2025-06-19,146.4,147.96,142.98,147.04,463646.02228411
2025-06-20,147.08,148.83,135.72,140.15,913323.23395022
2025-06-21,140.14,142.63,131.0,135.46,699804.89098859
2025-06-22,135.48,137.69,126.03,131.76,1196446.33024318
2025-06-23,131.76,147.03,130.72,144.59,1187134.02580865
2025-06-24,144.62,146.9,142.4,145.98,914472.51832545
2025-06-25,145.97,148.02,142.35,143.65,782039.74323333
2025-06-26,143.65,148.06,138.7,139.14,665287.8354771
2025-06-27,139.14,144.91,137.21,142.17,599898.72438905
2025-06-28,142.18,152.73,141.2,150.81,632571.6244275
2025-06-29,150.82,154.8,149.44,153.34,499692.12798618
2025-06-30,153.34,163.9,149.48,154.88,1207489.82882793
2025-07-01,154.88,155.69,144.86,146.92,708580.37145756
2025-07-02,146.91,154.53,145.86,152.32,679979.56676923
2025-07-03,152.35,156.42,149.95,152.39,709554.49072962
2025-07-04,152.39,153.92,145.25,147.74,432352.2786482
2025-07-05,147.74,148.71,145.95,147.61,224960.25712601
2025-07-06,147.61,153.9,146.82,151.9,388158.44202257
2025-07-07,151.9,153.61,147.7,148.9,764412.29624279
2025-07-08,148.9,152.89,147.84,151.72,490053.88969338
2025-07-09,151.72,157.99,150.57,157.11,926694.50570369
2025-07-10,157.11,165.4,155.71,164.35,847878.84071269
2025-07-11,164.35,168.23,159.63,162.97,1141810.54465385
2025-07-12,162.96,163.98,157.77,160.76,469402.12713301
2025-07-13,160.76,164.23,159.7,161.22,533095.82849429
2025-07-14,161.22,168.69,160.69,162.25,1026920.17972523
2025-07-15,162.26,164.29,157.13,164.03,801676.48860194
2025-07-16,164.01,176.1,161.53,173.71,1796912.14296986
2025-07-17,173.71,178.23,168.8,175.99,1258544.12821487
2025-07-18,175.99,184.79,173.3,177.34,1775828.85334452
2025-07-19,177.35,178.74,174.09,177.04,1127757.09443359
2025-07-20,177.05,183.72,176.4,181.52,1257378.40027461
2025-07-21,181.54,199.48,178.36,195.83,2384494.51580579
2025-07-22,195.83,206.42,193.82,205.8,2443481.34728866
2025-07-23,205.8,205.88,184.06,189.49,1641105.21441823
2025-07-24,189.5,192.06,179.29,182.96,1529998.30109404
2025-07-25,182.97,186.99,175.73,186.81,1877813.62899416
2025-07-26,186.8,189.8,184.37,184.94,510226.46891446
2025-07-27,184.92,190.76,184.57,188.71,577361.938791
2025-07-28,188.72,195.37,182.2,183.13,1190963.25586955
2025-07-29,183.1,186.7,178.19,181.46,784932.67806052
2025-07-30,181.45,182.53,170.38,177.76,795144.6742063
2025-07-31,177.76,182.69,171.41,172.19,687456.82052464
2025-08-01,172.18,172.26,159.11,162.66,1398031.9919061
2025-08-02,162.64,165.21,155.75,158.46,559266.30502545
2025-08-03,158.46,163.14,156.27,162.02,428119.72429395
2025-08-04,162.02,169.84,161.29,169.57,810560.23295468
2025-08-05,169.59,171.7,161.26,164.07,617664.83360047
2025-08-06,164.07,169.99,161.15,168.14,581884.58028898
2025-08-07,168.15,175.55,166.68,175.41,706847.98083191
2025-08-08,175.41,179.69,173.47,176.84,853687.22290537
2025-08-09,176.82,183.46,176.62,179.96,755123.32068652
2025-08-10,179.96,186.18,177.49,182.7,833439.0950993
2025-08-11,182.71,186.78,173.42,174.89,867850.83872964
2025-08-12,174.88,193.72,173.63,191.73,1316169.92417571
2025-08-13,191.7,204.94,191.41,201.62,2179933.11168441
2025-08-14,201.6,210.0,186.81,192.61,2507705.38653289
2025-08-15,192.59,198.2,182.63,185.86,1275914.48863776
2025-08-16,185.83,190.15,185.31,189.72,511271.41737203
2025-08-17,189.72,195.91,187.47,191.15,874265.39534934
2025-08-18,191.13,191.45,180.05,183.02,1166561.29955659
2025-08-19,182.99,185.95,175.65,176.2,1090988.0519006
2025-08-20,176.2,188.05,176.03,187.96,1182232.18942947
2025-08-21,187.96,190.09,179.35,180.27,1259773.38327672
2025-08-22,180.26,202.34,177.24,200.62,1737981.80281641
2025-08-23,200.6,208.43,195.21,204.06,1398281.85699679
2025-08-24,204.07,211.98,201.02,205.98,2069269.61385279
2025-08-25,205.96,213.49,185.41,187.21,2732788.24498917
2025-08-26,187.21,198.1,185.61,195.87,1238426.00115457
2025-08-27,195.87,212.09,193.77,202.93,2640015.95868801
2025-08-28,202.94,216.88,201.65,214.43,2769100.5238099
2025-08-29,214.44,217.95,199.86,205.1,3176259.77251642
2025-08-30,205.1,207.04,197.57,202.74,885970.39936857
2025-08-31,202.74,206.67,200.29,200.63,848713.02912768
2025-09-01,200.62,204.57,194.2,197.32,1340108.4786392
2025-09-02,197.3,209.7,196.74,209.64,1815370.57688458
2025-09-03,209.63,213.0,207.43,210.83,1065590.53338226
2025-09-04,210.83,212.0,201.81,202.32,938533.9424299
2025-09-05,202.3,210.07,201.0,203.37,1203794.33764867
2025-09-06,203.37,204.66,199.34,200.18,588063.03258324
2025-09-07,200.19,207.95,200.13,206.34,836100.04911433
2025-09-08,206.33,217.17,205.56,214.15,2034372.61392318
2025-09-09,214.15,219.77,210.81,217.26,1431186.58014921
2025-09-10,217.23,225.96,215.09,224.14,1652644.68212576
2025-09-11,224.13,229.05,221.78,228.85,1225263.69879705
2025-09-12,228.83,244.31,228.21,242.36,2586907.73913052
2025-09-13,242.35,244.34,235.35,242.5,1410431.32082061
2025-09-14,242.5,250.0,239.25,239.86,1808965.06887483
2025-09-15,239.85,244.09,230.18,234.35,1823480.37673354
2025-09-16,234.33,241.0,231.34,237.01,1277889.07253145
2025-09-17,237.01,246.73,232.2,244.91,1571095.62549181
2025-09-18,244.92,253.61,242.63,247.56,1415711.55296183
2025-09-19,247.59,248.63,235.24,238.67,1040032.31957316
2025-09-20,238.66,241.33,237.03,239.58,380129.75977061
2025-09-21,239.57,241.93,235.47,236.31,348281.56809214
2025-09-22,236.28,237.08,213.71,220.56,1988582.43443243
2025-09-23,220.56,221.79,212.46,213.31,1004735.72670021
2025-09-24,213.31,216.49,204.94,211.67,1432605.18916606
2025-09-25,211.65,212.53,191.49,192.8,2585435.06346606
2025-09-26,192.81,205.62,190.82,205.26,2573887.28473885
2025-09-27,205.26,205.56,200.0,203.56,561677.52071475
2025-09-28,203.56,211.04,198.04,210.89,699647.4280397
2025-09-29,210.9,214.89,204.74,212.85,1027578.61523414
2025-09-30,212.84,213.83,204.25,208.74,1152953.02943463
2025-10-01,208.75,222.88,206.32,222.15,1377581.25167896
2025-10-02,222.17,235.07,219.64,234.87,1640153.08523501
2025-10-03,234.87,237.15,227.26,232.98,1443229.31454205
2025-10-04,232.98,234.21,224.29,227.96,618087.17100975
2025-10-05,227.95,237.27,226.62,228.68,768768.90102964
2025-10-06,228.68,237.96,227.63,232.45,1284066.08178293
2025-10-07,232.46,235.28,219.81,220.05,1300788.4383162
2025-10-08,220.06,229.77,217.44,229.14,1186863.86398166
2025-10-09,229.1,229.73,216.75,221.03,1138506.30479667
2025-10-10,221.03,224.52,176.85,188.82,3208124.63897384
2025-10-11,188.83,191.24,172.78,177.82,2518633.49842892
2025-10-12,177.83,199.19,173.17,197.2,2017155.33898269
2025-10-13,197.2,209.48,190.34,208.87,1510398.12723951
2025-10-14,208.87,211.47,191.23,202.55,2956721.74953971
2025-10-15,202.54,209.0,192.18,193.94,1671279.56056952
2025-10-16,193.93,198.5,182.0,184.88,1823277.49538398
2025-10-17,184.85,187.58,174.1,182.05,2015096.12255198
2025-10-18,182.01,188.42,181.81,187.63,587986.48950285
2025-10-19,187.62,192.33,183.22,187.94,850322.39303923
2025-10-20,187.94,194.63,183.89,189.79,897899.36433938
2025-10-21,189.79,197.81,182.66,185.71,1512373.61801928
2025-10-22,185.7,187.53,177.24,180.16,1462533.78236272
2025-10-23,180.15,193.5,179.71,191.43,1055010.3624368
2025-10-24,191.42,196.79,188.83,193.63,948111.48636826
2025-10-25,193.62,195.29,191.26,193.87,288633.54461901
2025-10-26,193.86,202.19,191.96,200.07,634974.0893024
2025-10-27,200.05,205.32,197.25,198.68,943477.22272819
2025-10-28,198.67,203.95,190.37,194.21,1173659.86948724
2025-10-29,194.21,201.71,189.55,193.95,1346233.89971289
2025-10-30,193.92,198.2,178.58,184.67,1575948.0682586
2025-10-31,184.69,190.2,183.69,187.14,1189060.72267668
2025-11-01,187.12,187.42,183.7,186.26,462210.33923811
2025-11-02,186.26,188.26,182.04,187.67,462584.47340532
2025-11-03,187.67,189.05,163.2,166.01,1942220.21297525
2025-11-04,166.01,168.36,146.44,154.99,3219271.77710517
2025-11-05,154.99,163.99,147.24,162.35,1994367.09212196
2025-11-06,162.35,162.94,147.68,155.2,1279532.04266006
2025-11-07,155.18,164.4,149.72,161.71,1550674.74025322
2025-11-08,161.69,164.83,155.75,157.97,725715.71723649
2025-11-09,157.98,166.54,155.08,164.52,834832.1852315
2025-11-10,164.5,170.45,163.38,167.31,1025593.59146152
2025-11-11,167.31,171.89,153.84,154.54,1245171.56351226
2025-11-12,154.54,161.16,151.16,153.36,1159302.81753508
2025-11-13,153.39,157.19,141.01,144.7,1786511.02282989
2025-11-14,144.7,145.63,135.64,138.8,2021230.4339528
2025-11-15,138.81,144.63,138.5,139.55,645493.9189116
2025-11-16,139.56,143.25,134.34,137.07,943366.20495217
2025-11-17,137.07,143.23,128.64,130.82,1744991.06512607
2025-11-18,130.84,142.06,128.87,140.63,1910716.08571446
2025-11-19,140.62,142.74,130.0,136.93,1871414.05556185
2025-11-20,136.93,144.66,131.0,133.48,3227486.15207338
2025-11-21,133.49,134.95,121.47,128.57,3839189.02879389
2025-11-22,128.59,129.87,125.03,127.52,1094453.41399503
2025-11-23,127.51,133.47,127.47,130.53,1027921.63062639
2025-11-24,130.54,139.85,128.35,138.4,1744305.43503475
2025-11-25,138.38,140.47,133.11,138.9,1477975.66423871
2025-11-26,138.89,144.74,135.45,143.0,1461377.12544445
2025-11-27,143.0,144.25,140.45,140.83,852973.03125679
2025-11-28,140.82,143.6,136.0,137.36,1147319.36048856
2025-11-29,137.33,138.1,134.86,135.95,426537.33694755
2025-11-30,135.95,140.19,133.26,133.47,703459.17862411
2025-12-01,133.48,133.74,123.08,126.66,2135340.84744726
2025-12-02,126.65,140.93,126.0,138.7,1423721.17134199
2025-12-03,138.69,146.1,137.78,144.68,1228258.53237821
2025-12-04,144.68,146.92,137.81,139.06,1148744.77315927
2025-12-05,139.05,140.76,130.81,133.33,1122289.83595512
2025-12-06,133.32,134.2,131.33,132.23,443192.72705522
2025-12-07,132.23,136.37,127.73,132.28,742301.06675501
2025-12-08,132.28,139.36,131.54,133.28,1131094.80914281
2025-12-09,133.26,144.9,131.6,137.88,1280294.58868574
2025-12-10,137.87,142.62,135.41,136.31,1299004.60732887
2025-12-11,136.29,137.84,129.04,136.44,1484567.7022669
2025-12-12,136.43,140.16,130.35,132.32,1116816.26095462
2025-12-13,132.31,134.29,131.65,133.17,360451.17343131
2025-12-14,133.16,133.69,128.0,129.41,564628.28958069
2025-12-15,129.39,135.43,123.58,127.8,1565140.34655338
2025-12-16,127.79,130.11,124.87,129.11,1278398.65037823
2025-12-17,129.13,133.97,121.26,123.21,1615965.3593414
2025-12-18,123.22,128.97,116.82,119.52,1911138.09793406
2025-12-19,119.52,127.79,117.55,126.19,1282234.07930794
2025-12-20,126.2,126.83,125.22,125.75,315444.62860467
2025-12-21,125.75,126.58,123.37,126.0,398999.84632231
2025-12-22,126.0,128.7,124.13,125.85,912324.52678738
2025-12-23,125.84,126.86,122.11,123.92,727616.89539464
2025-12-24,123.92,124.22,120.47,122.44,707075.87318426
2025-12-25,122.44,124.37,119.68,119.99,441342.21248406
2025-12-26,119.98,125.04,119.17,122.19,1076341.77600323
2025-12-27,122.18,124.98,121.78,124.64,348043.83962625
2025-12-28,124.64,125.53,122.97,125.17,288058.44470909
2025-12-29,125.17,129.96,122.21,123.09,1228756.74978445
2025-12-30,123.08,126.38,122.43,124.88,685455.62397877
2025-12-31,124.87,127.24,123.07,124.45,1209253.50226929
2026-01-01,124.44,127.08,123.94,126.73,561103.46079474
2026-01-02,126.74,133.19,125.68,132.25,1501164.83245491
2026-01-03,132.24,133.92,129.54,133.32,583804.15335442
2026-01-04,133.32,135.49,133.05,134.04,728586.76935845
2026-01-05,134.05,139.85,133.08,137.9,1104565.27309804
2026-01-06,137.89,143.44,136.06,141.04,1355578.56522502
2026-01-07,141.04,141.32,134.28,136.25,913148.26944792
2026-01-08,136.25,139.95,132.54,138.25,1064324.12701166
2026-01-09,138.24,140.99,134.79,135.79,1276867.02444132
2026-01-10,135.79,136.86,135.18,135.67,285541.64869834
2026-01-11,135.66,141.36,135.56,139.5,895925.80562731
2026-01-12,139.5,144.7,138.2,139.05,1505558.57045035
2026-01-13,139.04,148.9,137.66,145.43,1468661.16456317
2026-01-14,145.42,148.41,143.32,146.7,1448383.99027118
2026-01-15,146.68,146.71,140.88,142.37,1073851.49332302
2026-01-16,142.36,145.5,140.15,144.83,823362.36128391
2026-01-17,144.84,144.93,143.26,143.66,334271.20706607
2026-01-18,143.66,143.93,137.62,137.81,572843.36639205
2026-01-19,137.78,137.78,130.05,133.36,1044019.1646179
2026-01-20,133.34,134.54,124.72,125.66,1748518.80821759
2026-01-21,125.66,132.07,125.14,129.44,1309903.22997039
2026-01-22,129.44,130.9,126.58,128.35,688540.25461698
2026-01-23,128.35,130.05,125.15,127.28,665560.07120709
2026-01-24,127.29,127.92,126.46,127.02,234489.96883737
2026-01-25,127.02,127.28,117.12,118.73,1053441.98770309
2026-01-26,118.73,125.46,118.41,124.09,1067416.35571351
2026-01-27,124.09,127.71,122.93,127.02,691066.88290288
2026-01-28,127.02,128.16,124.59,125.16,692817.41143682
2026-01-29,125.16,125.31,115.17,117.61,1477040.88560788
2026-01-30,117.62,118.94,111.79,117.42,1825526.90614542
2026-01-31,117.43,118.72,96.52,105.44,3232742.37384276
2026-02-01,105.44,106.58,97.93,100.66,1913225.72541561
2026-02-02,100.67,106.04,95.83,104.46,2900619.24290899
2026-02-03,104.45,104.99,96.59,97.76,2125188.15726021
2026-02-04,97.74,99.52,89.11,91.92,3632643.05307402
2026-02-05,91.91,93.25,77.43,78.19,6218856.92472819
2026-02-06,78.19,89.77,67.48,87.4,6301027.39989494
2026-02-07,87.38,89.16,84.12,87.54,2028173.66279127
2026-02-08,87.55,89.03,85.7,86.92,1189959.84777035
2026-02-09,86.93,88.65,82.77,86.72,1828737.63046188
2026-02-10,86.72,87.46,81.84,82.95,1320308.83924114
2026-02-11,82.96,84.35,78.0,79.23,2039254.14737231
2026-02-12,79.24,82.19,76.53,78.33,2003704.68621687
2026-02-13,78.32,85.59,77.46,84.27,1882291.07928253
2026-02-14,84.29,88.85,84.17,88.03,1304085.96629031
2026-02-15,88.02,91.21,84.85,86.1,1874286.08021959
2026-02-16,86.1,86.89,82.51,86.4,1442737.90569724
2026-02-17,86.41,87.63,82.88,85.05,1206487.61390961
2026-02-18,85.05,86.03,80.44,81.56,1232735.60869752
2026-02-19,81.56,82.64,79.58,82.46,1031511.64258074
2026-02-20,82.46,85.44,81.74,84.64,1621404.07119288
2026-02-21,84.65,86.74,83.95,85.15,595284.15270571
2026-02-22,85.14,85.58,82.41,82.75,645766.55141371
2026-02-23,82.75,82.81,77.12,77.88,2080055.54654184
2026-02-24,77.87,79.62,75.63,78.99,1438396.55904766
2026-02-25,79.0,92.12,78.73,88.06,2824960.3245583
2026-02-26,88.04,89.27,84.36,85.91,1868436.88284825
2026-02-27,85.91,88.29,80.31,81.84,1878976.37168423
2026-02-28,81.84,85.7,77.13,84.37,2118538.65773742
2026-03-01,84.37,88.89,81.71,83.6,2016060.5189941
2026-03-02,83.61,90.31,82.36,86.64,2747690.07762766
2026-03-03,86.63,87.5,82.47,86.99,2434638.26700507
2026-03-04,86.98,94.11,84.77,90.88,2822813.70062733
2026-03-05,90.89,92.99,87.84,88.78,1503508.99467932
2026-03-06,88.78,89.32,83.64,84.67,1799452.92727928
2026-03-07,84.67,85.07,82.27,83.22,554625.32460468
2026-03-08,83.22,84.11,80.25,81.59,780234.67513214
2026-03-09,81.6,87.06,81.54,84.96,1656066.77763918
2026-03-10,84.95,88.81,84.84,85.89,1240777.21339552
2026-03-11,85.9,88.12,84.34,86.58,1137043.87907234
2026-03-12,86.59,87.73,84.72,86.84,1153695.87135857
2026-03-13,86.83,93.06,86.7,88.19,2146472.99705253
2026-03-14,88.18,88.71,86.54,88.07,439486.28601171
2026-03-15,88.07,93.23,87.34,92.33,953718.91603759
2026-03-16,92.33,97.7,91.19,96.2,2100286.78492551
2026-03-17,96.21,96.96,93.17,94.65,1223582.1256299
2026-03-18,94.64,95.68,88.56,90.08,1414285.04750623
2026-03-19,90.07,91.41,87.01,88.9,1148661.78163235
2026-03-20,88.9,90.44,88.12,89.82,710333.65936814
2026-03-21,89.83,90.79,87.13,87.55,324151.6373245
2026-03-22,87.55,89.2,85.12,86.2,750638.49272832
2026-03-23,86.2,92.27,85.08,91.42,1594405.28404924
2026-03-24,91.43,92.2,88.38,90.76,1337227.36895301
2026-03-25,90.76,93.44,90.7,91.68,1146678.92651843
2026-03-26,91.67,91.98,85.36,86.47,1196517.88512238
2026-03-27,86.48,86.99,81.78,83.05,1360961.88595119
2026-03-28,83.04,84.2,81.67,82.02,520036.39786341
2026-03-29,82.02,83.17,79.0,81.37,517235.84537388
2026-03-30,81.37,84.97,81.09,82.48,1132598.98464048
2026-03-31,82.49,84.53,80.06,83.12,1584200.93223525
2026-04-01,83.12,86.63,80.76,81.17,1503584.23205001
2026-04-02,81.16,81.77,76.69,78.95,1870987.89148701
2026-04-03,78.95,80.91,78.86,80.39,826458.8964222
2026-04-04,80.39,81.59,79.59,80.83,471712.43433251
2026-04-05,80.83,82.1,78.48,81.85,783923.62075583
2026-04-06,81.86,83.17,79.6,80.03,1185695.16651106
2026-04-07,80.01,87.0,78.36,85.56,2182514.64515706
2026-04-08,85.55,85.9,82.25,82.57,1164454.969112
2026-04-09,82.57,85.9,81.41,83.34,1135517.20664524
2026-04-10,83.35,85.68,82.68,84.86,877815.75950985
2026-04-11,84.86,86.29,83.82,84.97,513391.20055892
2026-04-12,84.97,85.04,81.29,81.54,877245.15822047
2026-04-13,81.54,86.83,81.4,86.56,1471210.44986345
2026-04-14,86.55,87.71,83.34,83.76,1566992.0370181
2026-04-15,83.75,85.85,82.69,84.92,1289744.24372797
2026-04-16,84.92,90.53,83.85,89.09,1665834.81992258
2026-04-17,89.08,90.8,87.39,88.8,1743019.10928578
2026-04-18,88.8,89.2,85.82,86.21,739712.29430168
2026-04-19,86.2,87.15,82.96,83.48,1110171.83808002
2026-04-20,83.5,86.25,83.36,85.31,976038.14385376
2026-04-21,85.33,86.93,84.33,86.07,1242557.67322708
2026-04-22,86.08,89.36,86.03,86.91,1392596.73575385
2026-04-23,86.9,87.19,84.5,86.17,1393141.47527986
2026-04-24,86.17,86.99,84.97,86.22,1352019.21870647
2026-04-25,86.22,86.83,85.54,86.2,339151.48955555
2026-04-26,86.2,87.34,85.86,86.95,507844.24498484
2026-04-27,86.96,88.1,83.65,84.38,1209716.99787651
