date,solana_fees_revenue_usd
2022-02-14,11135
2022-02-15,12194
2022-02-16,12729
2022-02-17,12729
2022-02-18,10228
2022-02-19,8711
2022-02-20,11004
2022-02-21,9152
2022-02-22,9152
2022-02-23,13017
2022-02-24,13017
2022-02-25,6931
2022-02-26,5084
2022-02-27,7571
2022-02-28,7216
2022-03-01,6450
2022-03-02,6450
2022-03-03,7687
2022-03-04,8154
2022-03-05,3803
2022-03-06,3803
2022-03-07,5133
2022-03-08,2594
2022-03-09,3189
2022-03-10,1975
2022-03-11,2171
2022-03-12,2142
2022-03-13,2142
2022-03-14,3046
2022-03-15,3819
2022-03-16,3819
2022-03-17,6103
2022-03-18,5315
2022-03-19,4349
2022-03-20,4349
2022-03-21,2997
2022-03-22,3101
2022-03-23,6476
2022-03-24,4716
2022-03-25,4359
2022-03-26,6185
2022-03-27,6324
2022-03-28,6324
2022-03-29,6079
2022-03-30,7904
2022-03-31,5635
2022-04-01,5001
2022-04-02,2369
2022-04-03,2224
2022-04-04,4494
2022-04-05,6380
2022-04-06,3810
2022-04-07,4229
2022-04-08,2338
2022-04-09,2178
2022-04-10,4885
2022-04-11,2690
2022-04-12,3734
2022-04-13,4018
2022-04-14,5293
2022-04-15,3588
2022-04-16,5349
2022-04-17,3080
2022-04-18,3080
2022-04-19,2658
2022-04-20,2494
2022-04-21,3071
2022-04-22,4166
2022-04-23,3056
2022-04-24,3526
2022-04-25,1666
2022-04-26,1666
2022-04-27,4044
2022-04-28,9369
2022-04-29,3142
2022-04-30,7010
2022-05-01,7010
2022-05-02,41336
2022-05-03,39231
2022-05-04,22100
2022-05-05,33095
2022-05-06,14039
2022-05-07,15303
2022-05-08,31930
2022-05-09,8143
2022-05-10,8922
2022-05-11,4417
2022-05-12,1658
2022-05-13,4095
2022-05-14,2618
2022-05-15,8569
2022-05-16,6890
2022-05-17,13598
2022-05-18,10285
2022-05-19,6200
2022-05-20,6106
2022-05-21,23544
2022-05-22,30045
2022-05-23,21146
2022-05-24,17895
2022-05-25,15406
2022-05-26,2350
2022-05-27,4378
2022-05-28,4235
2022-05-29,2184
2022-05-30,3295
2022-05-31,2471
2022-06-01,1171
2022-06-02,3213
2022-06-03,5284
2022-06-04,3334
2022-06-05,1430
2022-06-06,4628
2022-06-07,1206
2022-06-08,1790
2022-06-09,2136
2022-06-10,1868
2022-06-11,2399
2022-06-12,1766
2022-06-13,893
2022-06-14,16936
2022-06-15,1790
2022-06-16,1476
2022-06-17,1739
2022-06-18,980
2022-06-19,1764
2022-06-20,2127
2022-06-21,2445
2022-06-22,7613
2022-06-23,1453
2022-06-24,5707
2022-06-25,1684
2022-06-26,1802
2022-06-27,2353
2022-06-28,3948
2022-06-29,2144
2022-06-30,3735
2022-07-01,1485
2022-07-02,16462
2022-07-03,26450
2022-07-04,11832
2022-07-05,5506
2022-07-06,5675
2022-07-07,5492
2022-07-08,3242
2022-07-09,8755
2022-07-10,12725
2022-07-11,3827
2022-07-12,3827
2022-07-13,2294
2022-07-14,2696
2022-07-15,3436
2022-07-16,4455
2022-07-17,2439
2022-07-18,4992
2022-07-19,3484
2022-07-20,3989
2022-07-21,4293
2022-07-22,5066
2022-07-23,4076
2022-07-24,2006
2022-07-25,1486
2022-07-26,2400
2022-07-27,3201
2022-07-28,2632
2022-07-29,2633
2022-07-30,6934
2022-07-31,2233
2022-08-01,5165
2022-08-02,4149
2022-08-03,4318
2022-08-04,5612
2022-08-05,1807
2022-08-06,1580
2022-08-07,3312
2022-08-08,4482
2022-08-09,2362
2022-08-10,2303
2022-08-11,2961
2022-08-12,2099
2022-08-13,1161
2022-08-14,1162
2022-08-15,3551
2022-08-16,1221
2022-08-17,2142
2022-08-18,2546
2022-08-19,1610
2022-08-20,3965
2022-08-21,3635
2022-08-22,1185
2022-08-23,3443
2022-08-24,2173
2022-08-25,1716
2022-08-26,1421
2022-08-27,1114
2022-08-28,2119
2022-08-29,44473
2022-08-30,14630
2022-08-31,4495
2022-09-01,2135
2022-09-02,2480
2022-09-03,2350
2022-09-04,45961
2022-09-05,24129
2022-09-06,21441
2022-09-07,38005
2022-09-08,162617
2022-09-09,379015
2022-09-10,693080
2022-09-11,623583
2022-09-12,78508
2022-09-13,24856
2022-09-14,18775
2022-09-15,13118
2022-09-16,17707
2022-09-17,19666
2022-09-18,9284
2022-09-19,6345
2022-09-20,5021
2022-09-21,7384
2022-09-22,7016
2022-09-23,8823
2022-09-24,8725
2022-09-25,12100
2022-09-26,8175
2022-09-27,6833
2022-09-28,12748
2022-09-29,7522
2022-09-30,5489
2022-10-01,4903
2022-10-02,9459
2022-10-03,3588
2022-10-04,2991
2022-10-05,1824
2022-10-06,3788
2022-10-07,4777
2022-10-08,6015
2022-10-09,3959
2022-10-10,1700
2022-10-11,2810
2022-10-12,2463
2022-10-13,8787
2022-10-14,2498
2022-10-15,3936
2022-10-16,949
2022-10-17,297232
2022-10-18,21916
2022-10-19,15445
2022-10-20,20131
2022-10-21,31188
2022-10-22,11369
2022-10-23,14819
2022-10-24,23790
2022-10-25,30427
2022-10-26,26646
2022-10-27,28223
2022-10-28,20528
2022-10-29,25968
2022-10-30,23735
2022-10-31,25547
2022-11-01,15735
2022-11-02,28076
2022-11-03,21400
2022-11-04,34683
2022-11-05,61747
2022-11-06,35485
2022-11-07,51522
2022-11-08,150095
2022-11-09,293322
2022-11-10,182377
2022-11-11,84113
2022-11-12,43931
2022-11-13,27362
2022-11-14,38411
2022-11-15,33832
2022-11-16,17584
2022-11-17,51510
2022-11-18,16654
2022-11-19,12859
2022-11-20,25070
2022-11-21,50234
2022-11-22,30833
2022-11-23,1070006
2022-11-24,20945
2022-11-25,11229
2022-11-26,15849
2022-11-27,8093
2022-11-28,14681
2022-11-29,10258
2022-11-30,12243
2022-12-01,9655
2022-12-02,8992
2022-12-03,17336
2022-12-04,8547
2022-12-05,11247
2022-12-06,10417
2022-12-07,6403
2022-12-08,6139
2022-12-09,7729
2022-12-10,6150
2022-12-11,5358
2022-12-12,7167
2022-12-13,9263
2022-12-14,10353
2022-12-15,9557
2022-12-16,19016
2022-12-17,4753
2022-12-18,4528
2022-12-19,6186
2022-12-20,4351
2022-12-21,4222
2022-12-22,8233
2022-12-23,6454
2022-12-24,7021
2022-12-25,6441
2022-12-26,7112
2022-12-27,6341
2022-12-28,16716
2022-12-29,17267
2022-12-30,12270
2022-12-31,7511
2023-01-01,8174
2023-01-02,14395
2023-01-03,29301
2023-01-04,38958
2023-01-05,70263
2023-01-06,54666
2023-01-07,22165
2023-01-08,57902
2023-01-09,75822
2023-01-10,38375
2023-01-11,61089
2023-01-12,29433
2023-01-13,28241
2023-01-14,53607
2023-01-15,47177
2023-01-16,59881
2023-01-17,29338
2023-01-18,39073
2023-01-19,27730
2023-01-20,41213
2023-01-21,35912
2023-01-22,27010
2023-01-23,43676
2023-01-24,24723
2023-01-25,28543
2023-01-26,28363
2023-01-27,23379
2023-01-28,23229
2023-01-29,27623
2023-01-30,26058
2023-01-31,18103
2023-02-01,29170
2023-02-02,21944
2023-02-03,19657
2023-02-04,26469
2023-02-05,20300
2023-02-06,16610
2023-02-07,28619
2023-02-08,24913
2023-02-09,28171
2023-02-10,21347
2023-02-11,9602
2023-02-12,15390
2023-02-13,22976
2023-02-14,21312
2023-02-15,18928
2023-02-16,24945
2023-02-17,18878
2023-02-18,18120
2023-02-19,26725
2023-02-20,32407
2023-02-21,23979
2023-02-22,22562
2023-02-23,100003
2023-02-24,25069
2023-02-25,19247
2023-02-26,12772
2023-02-27,45949
2023-02-28,19539
2023-03-01,13406
2023-03-02,19724
2023-03-03,24937
2023-03-04,10172
2023-03-05,10987
2023-03-06,10751
2023-03-07,15409
2023-03-08,19517
2023-03-09,32500
2023-03-10,40834
2023-03-11,154183
2023-03-12,20154
2023-03-13,32455
2023-03-14,28100
2023-03-15,24719
2023-03-16,21922
2023-03-17,28800
2023-03-18,32203
2023-03-19,19638
2023-03-20,37938
2023-03-21,27847
2023-03-22,1067654
2023-03-23,18695
2023-03-24,1062684
2023-03-25,1059937
2023-03-26,1060956
2023-03-27,12986
2023-03-28,14513
2023-03-29,1060334
2023-03-30,14771
2023-03-31,14388
2023-04-01,11473
2023-04-02,17256
2023-04-03,16908
2023-04-04,12486
2023-04-05,11842
2023-04-06,12122
2023-04-07,9235
2023-04-08,10794
2023-04-09,11133
2023-04-10,43162
2023-04-11,33060
2023-04-12,39944
2023-04-13,31125
2023-04-14,29089
2023-04-15,13484
2023-04-16,18041
2023-04-17,26576
2023-04-18,21197
2023-04-19,29823
2023-04-20,24186
2023-04-21,21924
2023-04-22,13593
2023-04-23,13887
2023-04-24,17134
2023-04-25,20228
2023-04-26,19542
2023-04-27,22917
2023-04-28,20577
2023-04-29,19388
2023-04-30,16586
2023-05-01,22980
2023-05-02,15152
2023-05-03,25569
2023-05-04,46576
2023-05-05,54598
2023-05-06,103386
2023-05-07,55726
2023-05-08,73917
2023-05-09,46467
2023-05-10,67451
2023-05-11,47604
2023-05-12,31920
2023-05-13,22160
2023-05-14,17888
2023-05-15,24082
2023-05-16,19546
2023-05-17,23085
2023-05-18,25224
2023-05-19,19221
2023-05-20,16086
2023-05-21,15880
2023-05-22,19947
2023-05-23,15595
2023-05-24,62308
2023-05-25,36367
2023-05-26,16343
2023-05-27,17373
2023-05-28,20972
2023-05-29,644420
2023-05-30,26611
2023-05-31,198371
2023-06-01,23272
2023-06-02,18030
2023-06-03,19224
2023-06-04,22088
2023-06-05,41387
2023-06-06,25798
2023-06-07,26814
2023-06-08,18136
2023-06-09,27196
2023-06-10,72931
2023-06-11,20852
2023-06-12,18590
2023-06-13,19219
2023-06-14,21431
2023-06-15,24444
2023-06-16,18580
2023-06-17,13694
2023-06-18,10527
2023-06-19,15751
2023-06-20,39831
2023-06-21,18535
2023-06-22,19975
2023-06-23,26751
2023-06-24,19802
2023-06-25,25469
2023-06-26,24346
2023-06-27,22795
2023-06-28,23000
2023-06-29,39344
2023-06-30,234084
2023-07-01,24658
2023-07-02,29200
2023-07-03,31812
2023-07-04,32418
2023-07-05,28786
2023-07-06,76467
2023-07-07,71515
2023-07-08,45064
2023-07-09,32723
2023-07-10,219190
2023-07-11,35956
2023-07-12,34010
2023-07-13,88647
2023-07-14,169699
2023-07-15,64349
2023-07-16,52302
2023-07-17,80010
2023-07-18,53145
2023-07-19,49896
2023-07-20,36796
2023-07-21,42466
2023-07-22,27176
2023-07-23,21483
2023-07-24,50619
2023-07-25,1069095
2023-07-26,48708
2023-07-27,35835
2023-07-28,22011
2023-07-29,15845
2023-07-30,18901
2023-07-31,31078
2023-08-01,71626
2023-08-02,58702
2023-08-03,43498
2023-08-04,32498
2023-08-05,23894
2023-08-06,29434
2023-08-07,59468
2023-08-08,44128
2023-08-09,46431
2023-08-10,29678
2023-08-11,25043
2023-08-12,18457
2023-08-13,18421
2023-08-14,26716
2023-08-15,31185
2023-08-16,37686
2023-08-17,65958
2023-08-18,40366
2023-08-19,24636
2023-08-20,18776
2023-08-21,28978
2023-08-22,77749
2023-08-23,35087
2023-08-24,65198
2023-08-25,33608
2023-08-26,19235
2023-08-27,24181
2023-08-28,25306
2023-08-29,42580
2023-08-30,25184
2023-08-31,31813
2023-09-01,28062
2023-09-02,18863
2023-09-03,14521
2023-09-04,21022
2023-09-05,26510
2023-09-06,71401
2023-09-07,18719
2023-09-08,28066
2023-09-09,12201
2023-09-10,33393
2023-09-11,40433
2023-09-12,31415
2023-09-13,34357
2023-09-14,32726
2023-09-15,29168
2023-09-16,21145
2023-09-17,18594
2023-09-18,36816
2023-09-19,35287
2023-09-20,37422
2023-09-21,36475
2023-09-22,21214
2023-09-23,14599
2023-09-24,17311
2023-09-25,40190
2023-09-26,19286
2023-09-27,27130
2023-09-28,21440
2023-09-29,32404
2023-09-30,35528
2023-10-01,52278
2023-10-02,65291
2023-10-03,64201
2023-10-04,50107
2023-10-05,38869
2023-10-06,65610
2023-10-07,29266
2023-10-08,35413
2023-10-09,40319
2023-10-10,44585
2023-10-11,68884
2023-10-12,29405
2023-10-13,31428
2023-10-14,30837
2023-10-15,26741
2023-10-16,75265
2023-10-17,63318
2023-10-18,32883
2023-10-19,57946
2023-10-20,78081
2023-10-21,94284
2023-10-22,87012
2023-10-23,127217
2023-10-24,140356
2023-10-25,146399
2023-10-26,89566
2023-10-27,79246
2023-10-28,38943
2023-10-29,56822
2023-10-30,84008
2023-10-31,134570
2023-11-01,421243
2023-11-02,383127
2023-11-03,325411
2023-11-04,251262
2023-11-05,206105
2023-11-06,220849
2023-11-07,309935
2023-11-08,193655
2023-11-09,473778
2023-11-10,462781
2023-11-11,607236
2023-11-12,404388
2023-11-13,392631
2023-11-14,677129
2023-11-15,437069
2023-11-16,501963
2023-11-17,421509
2023-11-18,285550
2023-11-19,322315
2023-11-20,644806
2023-11-21,527486
2023-11-22,455325
2023-11-23,458488
2023-11-24,336397
2023-11-25,290038
2023-11-26,326588
2023-11-27,531399
2023-11-28,388724
2023-11-29,402796
2023-11-30,316697
2023-12-01,313418
2023-12-02,343312
2023-12-03,337133
2023-12-04,501306
2023-12-05,398378
2023-12-06,536317
2023-12-07,852110
2023-12-08,1414356
2023-12-09,845116
2023-12-10,636435
2023-12-11,965981
2023-12-12,892185
2023-12-13,761819
2023-12-14,917713
2023-12-15,1882123
2023-12-16,1275420
2023-12-17,1032094
2023-12-18,1941916
2023-12-19,1431263
2023-12-20,1882541
2023-12-21,2400372
2023-12-22,5311087
2023-12-23,2440589
2023-12-24,2117251
2023-12-25,2412816
2023-12-26,2403039
2023-12-27,2353956
2023-12-28,1533870
2023-12-29,1401273
2023-12-30,1158940
2023-12-31,1118552
2024-01-01,929841
2024-01-02,2092424
2024-01-03,1451179
2024-01-04,1274204
2024-01-05,1224038
2024-01-06,1089963
2024-01-07,867913
2024-01-08,1120540
2024-01-09,1195457
2024-01-10,1430359
2024-01-11,1692597
2024-01-12,1219958
2024-01-13,1143378
2024-01-14,1401153
2024-01-15,1847445
2024-01-16,1431297
2024-01-17,1791369
2024-01-18,2071064
2024-01-19,1756438
2024-01-20,1638427
2024-01-21,1541133
2024-01-22,1775200
2024-01-23,1762095
2024-01-24,1597293
2024-01-25,1494809
2024-01-26,1793991
2024-01-27,2058700
2024-01-28,1839443
2024-01-29,1795254
2024-01-30,2229299
2024-01-31,3025617
2024-02-01,2738081
2024-02-02,2630410
2024-02-03,1473331
2024-02-04,1526825
2024-02-05,1717757
2024-02-06,1278469
2024-02-07,1773419
2024-02-08,2067261
2024-02-09,1710417
2024-02-10,1415721
2024-02-11,1326662
2024-02-12,2236480
2024-02-13,2048296
2024-02-14,2267995
2024-02-15,2583347
2024-02-16,1795675
2024-02-17,1410029
2024-02-18,1377822
2024-02-19,1567366
2024-02-20,1867314
2024-02-21,1765315
2024-02-22,1466201
2024-02-23,1467989
2024-02-24,1337965
2024-02-25,1465917
2024-02-26,2260865
2024-02-27,2522642
2024-02-28,3294241
2024-02-29,4046195
2024-03-01,4033284
2024-03-02,3780111
2024-03-03,4810408
2024-03-04,5741395
2024-03-05,5023930
2024-03-06,5840724
2024-03-07,7283708
2024-03-08,5559836
2024-03-09,3834672
2024-03-10,4200446
2024-03-11,4573376
2024-03-12,4091922
2024-03-13,4907308
2024-03-14,6806803
2024-03-15,8594001
2024-03-16,10023509
2024-03-17,10230944
2024-03-18,16809408
2024-03-19,10184620
2024-03-20,7802954
2024-03-21,7318239
2024-03-22,6651755
2024-03-23,4214295
2024-03-24,3962168
2024-03-25,5915729
2024-03-26,6587491
2024-03-27,4629668
2024-03-28,5383855
2024-03-29,6689526
2024-03-30,6669126
2024-03-31,6398249
2024-04-01,6509895
2024-04-02,7815711
2024-04-03,6897486
2024-04-04,6602688
2024-04-05,5140486
2024-04-06,7894431
2024-04-07,5238916
2024-04-08,5502124
2024-04-09,6140464
2024-04-10,4741038
2024-04-11,6348498
2024-04-12,6260256
2024-04-13,4991317
2024-04-14,4929013
2024-04-15,3817327
2024-04-16,4325919
2024-04-17,3522543
2024-04-18,3894794
2024-04-19,3702706
2024-04-20,4065456
2024-04-21,5512735
2024-04-22,5786670
2024-04-23,6219257
2024-04-24,6413683
2024-04-25,5109166
2024-04-26,4229048
2024-04-27,3716569
2024-04-28,4277578
2024-04-29,4282612
2024-04-30,4574754
2024-05-01,4209115
2024-05-02,5493496
2024-05-03,5807253
2024-05-04,5018853
2024-05-05,5126044
2024-05-06,5186861
2024-05-07,6370515
2024-05-08,5473605
2024-05-09,5878945
2024-05-10,7021508
2024-05-11,3621087
2024-05-12,4930818
2024-05-13,7150759
2024-05-14,7037332
2024-05-15,5991584
2024-05-16,6655232
2024-05-17,5256066
2024-05-18,5859112
2024-05-19,4267996
2024-05-20,6455323
2024-05-21,5291916
2024-05-22,5283720
2024-05-23,6223469
2024-05-24,5091688
2024-05-25,5196572
2024-05-26,4934024
2024-05-27,7214456
2024-05-28,6402575
2024-05-29,7791344
2024-05-30,6802545
2024-05-31,5161860
2024-06-01,6173681
2024-06-02,4794598
2024-06-03,7353160
2024-06-04,5000907
2024-06-05,6622064
2024-06-06,9479783
2024-06-07,10264471
2024-06-08,10517249
2024-06-09,8357190
2024-06-10,6948578
2024-06-11,8617043
2024-06-12,8277771
2024-06-13,7438097
2024-06-14,8473335
2024-06-15,6458746
2024-06-16,6420567
2024-06-17,7830522
2024-06-18,16679680
2024-06-19,9373079
2024-06-20,8634720
2024-06-21,7092360
2024-06-22,4744429
2024-06-23,5342171
2024-06-24,6153822
2024-06-25,8513064
2024-06-26,6350513
2024-06-27,8952119
2024-06-28,6588486
2024-06-29,5786858
2024-06-30,4621774
2024-07-01,8675329
2024-07-02,7673603
2024-07-03,7307253
2024-07-04,6439734
2024-07-05,7500570
2024-07-06,7307099
2024-07-07,7807849
2024-07-08,7241839
2024-07-09,9140332
2024-07-10,6669517
2024-07-11,7659961
2024-07-12,6632532
2024-07-13,7624334
2024-07-14,5880525
2024-07-15,13322838
2024-07-16,9231333
2024-07-17,8352005
2024-07-18,10809462
2024-07-19,8250153
2024-07-20,8380730
2024-07-21,8360734
2024-07-22,12555970
2024-07-23,7474223
2024-07-24,7510292
2024-07-25,10670498
2024-07-26,9908157
2024-07-27,14835052
2024-07-28,12337959
2024-07-29,16031144
2024-07-30,12182886
2024-07-31,11847110
2024-08-01,9272318
2024-08-02,7823628
2024-08-03,6974159
2024-08-04,5634727
2024-08-05,10174970
2024-08-06,8261812
2024-08-07,9161229
2024-08-08,12889444
2024-08-09,8137914
2024-08-10,5447041
2024-08-11,7235438
2024-08-12,6208390
2024-08-13,6906054
2024-08-14,5393332
2024-08-15,6290919
2024-08-16,4388219
2024-08-17,3296202
2024-08-18,5085266
2024-08-19,4216241
2024-08-20,4780478
2024-08-21,3173361
2024-08-22,4066787
2024-08-23,3898885
2024-08-24,4960499
2024-08-25,3062997
2024-08-26,4561207
2024-08-27,3887909
2024-08-28,6288679
2024-08-29,3257537
2024-08-30,3219836
2024-08-31,3334792
2024-09-01,2605020
2024-09-02,4060664
2024-09-03,2994037
2024-09-04,4664427
2024-09-05,6375316
2024-09-06,4392661
2024-09-07,2052644
2024-09-08,3238919
2024-09-09,2507053
2024-09-10,3963258
2024-09-11,2764803
2024-09-12,3968789
2024-09-13,2840773
2024-09-14,2321410
2024-09-15,3482747
2024-09-16,2361388
2024-09-17,5549745
2024-09-18,4200987
2024-09-19,5441751
2024-09-20,3685045
2024-09-21,4352856
2024-09-22,2974555
2024-09-23,5003531
2024-09-24,4219026
2024-09-25,4630217
2024-09-26,8419462
2024-09-27,8379579
2024-09-28,8998730
2024-09-29,7662067
2024-09-30,9389147
2024-10-01,11740427
2024-10-02,9012352
2024-10-03,6997422
2024-10-04,6356816
2024-10-05,8054895
2024-10-06,5903688
2024-10-07,8679470
2024-10-08,6390581
2024-10-09,8540816
2024-10-10,6236943
2024-10-11,8321503
2024-10-12,6946510
2024-10-13,8188488
2024-10-14,18697743
2024-10-15,11828092
2024-10-16,12839989
2024-10-17,10949238
2024-10-18,15865237
2024-10-19,14559415
2024-10-20,12339243
2024-10-21,17871353
2024-10-22,14883445
2024-10-23,19520121
2024-10-24,23923157
2024-10-25,18161416
2024-10-26,12297695
2024-10-27,15243350
2024-10-28,14294834
2024-10-29,16342609
2024-10-30,16141774
2024-10-31,12519822
2024-11-01,13515654
2024-11-02,10927094
2024-11-03,11916153
2024-11-04,14069334
2024-11-05,11662354
2024-11-06,21505040
2024-11-07,17777429
2024-11-08,21359722
2024-11-09,14606549
2024-11-10,18027002
2024-11-11,32845361
2024-11-12,31667527
2024-11-13,54230134
2024-11-14,44196933
2024-11-15,43376428
2024-11-16,34718132
2024-11-17,45841940
2024-11-18,55702723
2024-11-19,58326759
2024-11-20,53866380
2024-11-21,55813995
2024-11-22,48544822
2024-11-23,38394635
2024-11-24,38465012
2024-11-25,34919201
2024-11-26,35132586
2024-11-27,34116649
2024-11-28,36331698
2024-11-29,31724901
2024-11-30,26094748
2024-12-01,23849118
2024-12-02,33410783
2024-12-03,26428481
2024-12-04,27211432
2024-12-05,25574316
2024-12-06,25511560
2024-12-07,18854300
2024-12-08,17746630
2024-12-09,34217532
2024-12-10,29889400
2024-12-11,29921280
2024-12-12,26801390
2024-12-13,29804252
2024-12-14,24039062
2024-12-15,22701200
2024-12-16,26895422
2024-12-17,29610364
2024-12-18,26329001
2024-12-19,44126130
2024-12-20,33773598
2024-12-21,23643118
2024-12-22,17554927
2024-12-23,20382882
2024-12-24,15899484
2024-12-25,17156804
2024-12-26,17450629
2024-12-27,21010391
2024-12-28,16415851
2024-12-29,21021668
2024-12-30,18536690
2024-12-31,23432230
2025-01-01,31033338
2025-01-02,31277356
2025-01-03,30604291
2025-01-04,29024701
2025-01-05,26675674
2025-01-06,32678944
2025-01-07,41053539
2025-01-08,30940847
2025-01-09,32452785
2025-01-10,26425109
2025-01-11,27454922
2025-01-12,25512442
2025-01-13,32047344
2025-01-14,24968984
2025-01-15,28924320
2025-01-16,28346900
2025-01-17,39580852
2025-01-18,92248955
2025-01-19,114272444
2025-01-20,175711038
2025-01-21,94726060
2025-01-22,63437663
2025-01-23,101529891
2025-01-24,87182466
2025-01-25,70724183
2025-01-26,57408977
2025-01-27,60829586
2025-01-28,55227991
2025-01-29,50183091
2025-01-30,66080727
2025-01-31,48143644
2025-02-01,31939366
2025-02-02,35537556
2025-02-03,42509600
2025-02-04,41323930
2025-02-05,29385866
2025-02-06,25467518
2025-02-07,25073098
2025-02-08,24408261
2025-02-09,35995771
2025-02-10,47479223
2025-02-11,35106608
2025-02-12,36799346
2025-02-13,27985772
2025-02-14,30596913
2025-02-15,21488522
2025-02-16,19405672
2025-02-17,19913422
2025-02-18,25122929
2025-02-19,16581347
2025-02-20,19463670
2025-02-21,14786536
2025-02-22,15315158
2025-02-23,11499030
2025-02-24,20706636
2025-02-25,17979869
2025-02-26,14751071
2025-02-27,11761704
2025-02-28,15093037
2025-03-01,8822753
2025-03-02,18702764
2025-03-03,14360861
2025-03-04,15339983
2025-03-05,12167380
2025-03-06,15668639
2025-03-07,14953867
2025-03-08,12124678
2025-03-09,9361715
2025-03-10,12132876
2025-03-11,11760975
2025-03-12,11321388
2025-03-13,8860445
2025-03-14,11334054
2025-03-15,8484524
2025-03-16,9124962
2025-03-17,9998470
2025-03-18,8735953
2025-03-19,11356518
2025-03-20,9869844
2025-03-21,8455037
2025-03-22,5169733
2025-03-23,10160440
2025-03-24,13728588
2025-03-25,19167161
2025-03-26,14622419
2025-03-27,13023864
2025-03-28,11152398
2025-03-29,10728024
2025-03-30,7381585
2025-03-31,11431506
2025-04-01,10301777
2025-04-02,11235358
2025-04-03,11669130
2025-04-04,8891596
2025-04-05,9106471
2025-04-06,11036956
2025-04-07,12070755
2025-04-08,11428420
2025-04-09,13987750
2025-04-10,13754578
2025-04-11,12118069
2025-04-12,16389884
2025-04-13,12249420
2025-04-14,16375288
2025-04-15,15362889
2025-04-16,20466138
2025-04-17,14218059
2025-04-18,14007017
2025-04-19,10990649
2025-04-20,12732510
2025-04-21,13718706
2025-04-22,18645036
2025-04-23,18661325
2025-04-24,19491643
2025-04-25,18770558
2025-04-26,17764442
2025-04-27,13438357
2025-04-28,20782434
2025-04-29,22511404
2025-04-30,20472404
2025-05-01,21502070
2025-05-02,18794975
2025-05-03,17034145
2025-05-04,16558813
2025-05-05,13486257
2025-05-06,19429616
2025-05-07,14603965
2025-05-08,24901310
2025-05-09,19011122
2025-05-10,18362781
2025-05-11,15540244
2025-05-12,27133756
2025-05-13,40941667
2025-05-14,56520334
2025-05-15,44062818
2025-05-16,28617356
2025-05-17,17944264
2025-05-18,23836701
2025-05-19,21306477
2025-05-20,24517924
2025-05-21,22805361
2025-05-22,27847653
2025-05-23,23902458
2025-05-24,17383391
2025-05-25,14101810
2025-05-26,20935139
2025-05-27,18271319
2025-05-28,18705002
2025-05-29,16695941
2025-05-30,17245270
2025-05-31,12569156
2025-06-01,16664499
2025-06-02,14626808
2025-06-03,21119839
2025-06-04,15083324
2025-06-05,21969733
2025-06-06,14292520
2025-06-07,15867726
2025-06-08,11318684
2025-06-09,21833585
2025-06-10,18622105
2025-06-11,25007475
2025-06-12,18092944
2025-06-13,18922413
2025-06-14,10281882
2025-06-15,14886344
2025-06-16,19605717
2025-06-17,18337482
2025-06-18,13255963
2025-06-19,17004081
2025-06-20,15401746
2025-06-21,14255511
2025-06-22,10761176
2025-06-23,13911166
2025-06-24,11461681
2025-06-25,17256093
2025-06-26,9907587
2025-06-27,15909528
2025-06-28,13399936
2025-06-29,15476585
2025-06-30,16685761
2025-07-01,23591443
2025-07-02,18453249
2025-07-03,23330603
2025-07-04,14508893
2025-07-05,18846220
2025-07-06,21407828
2025-07-07,44596407
2025-07-08,12519049
2025-07-09,16543281
2025-07-10,14052490
2025-07-11,18109548
2025-07-12,14194266
2025-07-13,21364730
2025-07-14,16970446
2025-07-15,21875863
2025-07-16,17997981
2025-07-17,22085171
2025-07-18,19556727
2025-07-19,14321468
2025-07-20,12324636
2025-07-21,21139995
2025-07-22,30978999
2025-07-23,21391392
2025-07-24,17596114
2025-07-25,17714390
2025-07-26,10365487
2025-07-27,23886526
2025-07-28,15230893
2025-07-29,17609376
2025-07-30,14117087
2025-07-31,19250591
2025-08-01,23481877
2025-08-02,9084125
2025-08-03,11866622
2025-08-04,12845317
2025-08-05,18253915
2025-08-06,14246513
2025-08-07,22000084
2025-08-08,16919837
2025-08-09,20031175
2025-08-10,15072637
2025-08-11,22134709
2025-08-12,22351054
2025-08-13,27243755
2025-08-14,22701826
2025-08-15,18807843
2025-08-16,11044631
2025-08-17,14910441
2025-08-18,13860524
2025-08-19,17419692
2025-08-20,14098388
2025-08-21,33096672
2025-08-22,16564327
2025-08-23,15694039
2025-08-24,14164352
2025-08-25,19794729
2025-08-26,14165848
2025-08-27,21875694
2025-08-28,15770026
2025-08-29,20989448
2025-08-30,10327694
2025-08-31,13577738
2025-09-01,13371478
2025-09-02,19706560
2025-09-03,18253183
2025-09-04,20114287
2025-09-05,14410394
2025-09-06,14412111
2025-09-07,10467955
2025-09-08,19925818
2025-09-09,16754674
2025-09-10,26515494
2025-09-11,16892614
2025-09-12,24004483
2025-09-13,14902304
2025-09-14,27262344
2025-09-15,23233879
2025-09-16,23910731
2025-09-17,16004194
2025-09-18,21228350
2025-09-19,14999378
2025-09-20,15256369
2025-09-21,9109229
2025-09-22,20154556
2025-09-23,11439590
2025-09-24,16959177
2025-09-25,16171905
2025-09-26,15043121
2025-09-27,7743925
2025-09-28,11802681
2025-09-29,11171728
2025-09-30,16489780
2025-10-01,14865165
2025-10-02,21198678
2025-10-03,14671393
2025-10-04,16469864
2025-10-05,11360905
2025-10-06,19019944
2025-10-07,12034455
2025-10-08,14696617
2025-10-09,11639272
2025-10-10,33393806
2025-10-11,11739422
2025-10-12,16407166
2025-10-13,10895400
2025-10-14,17234873
2025-10-15,11882221
2025-10-16,16075673
2025-10-17,11592642
2025-10-18,14761866
2025-10-19,8219470
2025-10-20,16057869
2025-10-21,12960857
2025-10-22,15331312
2025-10-23,13170310
2025-10-24,14155454
2025-10-25,8331677
2025-10-26,13271879
2025-10-27,12556281
2025-10-28,19316644
2025-10-29,14676599
2025-10-30,18399095
2025-10-31,11909005
2025-11-01,14857584
2025-11-02,9481108
2025-11-03,15984023
2025-11-04,14808894
2025-11-05,14043131
2025-11-06,9802403
2025-11-07,14010343
2025-11-08,9227853
2025-11-09,12896929
2025-11-10,11020149
2025-11-11,15065623
2025-11-12,12278672
2025-11-13,13447259
2025-11-14,10787480
2025-11-15,10036159
2025-11-16,6796228
2025-11-17,12044792
2025-11-18,8171499
2025-11-19,11044783
2025-11-20,8411124
2025-11-21,12397397
2025-11-22,5676371
2025-11-23,9011461
2025-11-24,7067016
2025-11-25,10387443
2025-11-26,8521637
2025-11-27,10929819
2025-11-28,11311279
2025-11-29,6964772
2025-11-30,9618095
2025-12-01,8431407
2025-12-02,12018702
2025-12-03,8426181
2025-12-04,13138261
2025-12-05,8100109
2025-12-06,10084816
2025-12-07,6945114
2025-12-08,11251660
2025-12-09,9509043
2025-12-10,11828692
2025-12-11,10611987
2025-12-12,11793000
2025-12-13,6644980
2025-12-14,9653231
2025-12-15,9479050
2025-12-16,11054465
2025-12-17,7770234
2025-12-18,9855974
2025-12-19,7119192
2025-12-20,9244655
2025-12-21,6547124
2025-12-22,11040639
2025-12-23,7588458
2025-12-24,10065833
2025-12-25,7142044
2025-12-26,10078538
2025-12-27,7662241
2025-12-28,10828978
2025-12-29,9389163
2025-12-30,12884613
2025-12-31,9712112
2026-01-01,10137251
2026-01-02,11052712
2026-01-03,14550423
2026-01-04,11420596
2026-01-05,17798046
2026-01-06,17462871
2026-01-07,17872308
2026-01-08,10613855
2026-01-09,13469582
2026-01-10,8753480
2026-01-11,14946172
2026-01-12,11988964
2026-01-13,15869776
2026-01-14,11578995
2026-01-15,15078382
2026-01-16,22359732
2026-01-17,11376465
2026-01-18,14115615
2026-01-19,12534111
2026-01-20,15453072
2026-01-21,11580997
2026-01-22,14580006
2026-01-23,9605982
2026-01-24,14131982
2026-01-25,13968098
2026-01-26,17391610
2026-01-27,13311964
2026-01-28,14204402
2026-01-29,10734525
2026-01-30,17242230
2026-01-31,13488858
2026-02-01,10755309
2026-02-02,9253877
2026-02-03,11271221
2026-02-04,9451361
2026-02-05,13194547
2026-02-06,12956147
2026-02-07,9612199
2026-02-08,6687103
2026-02-09,8690550
2026-02-10,6515160
2026-02-11,8450340
2026-02-12,6140399
2026-02-13,8110794
2026-02-14,5330376
2026-02-15,7785988
2026-02-16,5876560
2026-02-17,9211629
2026-02-18,6182338
2026-02-19,10596107
2026-02-20,6833601
2026-02-21,7763092
2026-02-22,5575963
2026-02-23,8572293
2026-02-24,6801511
2026-02-25,10023241
2026-02-26,6085568
2026-02-27,8192712
2026-02-28,6498965
2026-03-01,7650096
2026-03-02,6661982
2026-03-03,8329080
2026-03-04,6352020
2026-03-05,8351999
2026-03-06,6389083
2026-03-07,7156955
2026-03-08,5203557
2026-03-09,7882483
2026-03-10,5976854
2026-03-11,7640411
2026-03-12,5761827
2026-03-13,7885751
2026-03-14,4879072
2026-03-15,6834288
2026-03-16,6485859
2026-03-17,7909642
2026-03-18,5514342
2026-03-19,7044441
2026-03-20,4700544
2026-03-21,6386073
2026-03-22,4026658
2026-03-23,7292069
2026-03-24,5145539
2026-03-25,7324896
2026-03-26,4641927
2026-03-27,6426305
2026-03-28,3609172
2026-03-29,5632041
2026-03-30,7882287
2026-03-31,5401083
2026-04-01,9859653
2026-04-02,5051043
2026-04-03,6350975
2026-04-04,4243626
2026-04-05,5565301
2026-04-06,4788148
2026-04-07,6442505
2026-04-08,4500084
2026-04-09,6557297
2026-04-10,4317535
2026-04-11,5690533
2026-04-12,3976081
2026-04-13,6597322
2026-04-14,4998192
2026-04-15,7007787
2026-04-16,5475643
2026-04-17,8170037
2026-04-18,4822879
2026-04-19,6339820
2026-04-20,4750464
2026-04-21,6685668
2026-04-22,5406785
2026-04-23,6315514
2026-04-24,4609436
2026-04-25,6464442
2026-04-26,4315108
2026-04-27,7388532
2026-04-28,5690273
2026-04-29,8121815
2026-04-30,5370481
2026-05-01,7240145
2026-05-02,4582948
2026-05-03,6100880
2026-05-04,5384286
2026-05-05,8460520
2026-05-06,6883228
